season,fixture_id,round,date,status,home_team,home_goals,away_goals,away_team
2022,837992,Regular Season - 1,2022-04-09T19:30:00+00:00,FT,Fluminense,0,0,Santos
2022,837998,Regular Season - 1,2022-04-09T22:00:00+00:00,FT,Atletico Goianiense,1,1,Flamengo
2022,837994,Regular Season - 1,2022-04-10T00:00:00+00:00,FT,Palmeiras,2,3,Ceara
2022,838000,Regular Season - 1,2022-04-10T14:00:00+00:00,FT,Coritiba,3,0,Goias
2022,837995,Regular Season - 1,2022-04-10T19:00:00+00:00,FT,Botafogo,1,3,Corinthians
2022,837991,Regular Season - 1,2022-04-10T19:00:00+00:00,FT,Atletico-MG,2,0,Internacional
2022,837997,Regular Season - 1,2022-04-10T21:00:00+00:00,FT,Fortaleza EC,0,1,Cuiaba
2022,837993,Regular Season - 1,2022-04-10T22:00:00+00:00,FT,Sao Paulo,4,0,Atletico Paranaense
2022,837999,Regular Season - 1,2022-04-10T22:00:00+00:00,FT,Avai,1,0,America Mineiro
2022,837996,Regular Season - 1,2022-04-11T23:00:00+00:00,FT,Juventude,2,2,RB Bragantino
2022,838008,Regular Season - 2,2022-04-16T19:30:00+00:00,FT,Goias,1,1,Palmeiras
2022,838001,Regular Season - 2,2022-04-16T22:00:00+00:00,FT,America Mineiro,4,1,Juventude
2022,838004,Regular Season - 2,2022-04-16T22:00:00+00:00,FT,Corinthians,3,0,Avai
2022,838009,Regular Season - 2,2022-04-17T00:00:00+00:00,FT,Cuiaba,0,1,Fluminense
2022,838005,Regular Season - 2,2022-04-17T14:00:00+00:00,FT,Santos,2,1,Coritiba
2022,838002,Regular Season - 2,2022-04-17T19:00:00+00:00,FT,Flamengo,3,1,Sao Paulo
2022,838006,Regular Season - 2,2022-04-17T21:00:00+00:00,FT,Internacional,2,1,Fortaleza EC
2022,838010,Regular Season - 2,2022-04-17T21:00:00+00:00,FT,Atletico Paranaense,0,1,Atletico-MG
2022,838003,Regular Season - 2,2022-04-17T21:00:00+00:00,FT,RB Bragantino,4,0,Atletico Goianiense
2022,838007,Regular Season - 2,2022-04-17T22:00:00+00:00,FT,Ceara,1,3,Botafogo
2022,838022,Regular Season - 4,2022-04-20T22:30:00+00:00,FT,Flamengo,0,0,Palmeiras
2022,838020,Regular Season - 3,2022-04-23T19:30:00+00:00,FT,Atletico Paranaense,1,0,Flamengo
2022,838013,Regular Season - 3,2022-04-23T19:30:00+00:00,FT,RB Bragantino,1,1,Sao Paulo
2022,838014,Regular Season - 3,2022-04-23T22:00:00+00:00,FT,Palmeiras,3,0,Corinthians
2022,838012,Regular Season - 3,2022-04-23T22:00:00+00:00,FT,Fluminense,0,1,Internacional
2022,838011,Regular Season - 3,2022-04-24T00:00:00+00:00,FT,Atletico-MG,2,2,Coritiba
2022,838015,Regular Season - 3,2022-04-24T19:00:00+00:00,FT,Santos,3,0,America Mineiro
2022,838016,Regular Season - 3,2022-04-24T21:00:00+00:00,FT,Juventude,0,1,Cuiaba
2022,838018,Regular Season - 3,2022-04-24T21:30:00+00:00,FT,Atletico Goianiense,1,1,Botafogo
2022,838019,Regular Season - 3,2022-04-25T23:00:00+00:00,FT,Avai,3,2,Goias
2022,838021,Regular Season - 4,2022-04-30T19:30:00+00:00,FT,America Mineiro,1,0,Atletico Paranaense
2022,838027,Regular Season - 4,2022-04-30T19:30:00+00:00,FT,Ceara,0,1,RB Bragantino
2022,838028,Regular Season - 4,2022-04-30T21:30:00+00:00,FT,Goias,2,2,Atletico-MG
2022,838029,Regular Season - 4,2022-04-30T22:00:00+00:00,FT,Cuiaba,1,1,Atletico Goianiense
2022,838025,Regular Season - 4,2022-05-01T14:00:00+00:00,FT,Botafogo,1,1,Juventude
2022,838024,Regular Season - 4,2022-05-01T19:00:00+00:00,FT,Corinthians,1,0,Fortaleza EC
2022,838030,Regular Season - 4,2022-05-01T19:00:00+00:00,FT,Coritiba,3,2,Fluminense
2022,838026,Regular Season - 4,2022-05-01T22:00:00+00:00,FT,Internacional,0,0,Avai
2022,838023,Regular Season - 4,2022-05-02T23:00:00+00:00,FT,Sao Paulo,2,1,Santos
2022,838031,Regular Season - 5,2022-05-07T19:30:00+00:00,FT,Atletico-MG,1,2,America Mineiro
2022,838040,Regular Season - 5,2022-05-07T23:30:00+00:00,FT,Atletico Paranaense,1,0,Ceara
2022,838032,Regular Season - 5,2022-05-08T14:00:00+00:00,FT,Flamengo,0,1,Botafogo
2022,838034,Regular Season - 5,2022-05-08T19:00:00+00:00,FT,Palmeiras,1,1,Fluminense
2022,838038,Regular Season - 5,2022-05-08T19:00:00+00:00,FT,Atletico Goianiense,0,1,Goias
2022,838035,Regular Season - 5,2022-05-08T21:00:00+00:00,FT,Santos,4,1,Cuiaba
2022,838033,Regular Season - 5,2022-05-08T21:00:00+00:00,FT,RB Bragantino,0,1,Corinthians
2022,838036,Regular Season - 5,2022-05-08T22:00:00+00:00,FT,Juventude,1,1,Internacional
2022,838037,Regular Season - 5,2022-05-08T22:00:00+00:00,FT,Fortaleza EC,1,1,Sao Paulo
2022,838039,Regular Season - 5,2022-05-09T23:00:00+00:00,FT,Avai,2,1,Coritiba
2022,838053,Regular Season - 7,2022-05-11T23:30:00+00:00,FT,RB Bragantino,1,1,Atletico-MG
2022,838044,Regular Season - 6,2022-05-14T19:30:00+00:00,FT,Palmeiras,2,0,RB Bragantino
2022,838047,Regular Season - 6,2022-05-14T19:30:00+00:00,FT,Ceara,2,2,Flamengo
2022,838046,Regular Season - 6,2022-05-14T22:00:00+00:00,FT,Internacional,2,2,Corinthians
2022,838041,Regular Season - 6,2022-05-14T22:00:00+00:00,FT,Atletico-MG,2,0,Atletico Goianiense
2022,838042,Regular Season - 6,2022-05-15T00:00:00+00:00,FT,Fluminense,2,1,Atletico Paranaense
2022,838043,Regular Season - 6,2022-05-15T19:00:00+00:00,FT,Sao Paulo,2,1,Cuiaba
2022,838050,Regular Season - 6,2022-05-15T20:30:00+00:00,FT,Coritiba,1,0,America Mineiro
2022,838045,Regular Season - 6,2022-05-15T21:00:00+00:00,FT,Botafogo,3,1,Fortaleza EC
2022,838049,Regular Season - 6,2022-05-15T21:00:00+00:00,FT,Avai,1,2,Juventude
2022,838048,Regular Season - 6,2022-05-15T22:00:00+00:00,FT,Goias,1,0,Santos
2022,838052,Regular Season - 7,2022-05-21T19:30:00+00:00,FT,Flamengo,1,0,Goias
2022,838058,Regular Season - 7,2022-05-21T19:30:00+00:00,FT,Atletico Goianiense,2,0,Coritiba
2022,838055,Regular Season - 7,2022-05-21T21:30:00+00:00,FT,Santos,0,0,Ceara
2022,838056,Regular Season - 7,2022-05-21T22:00:00+00:00,FT,Juventude,0,3,Palmeiras
2022,838051,Regular Season - 7,2022-05-22T00:00:00+00:00,FT,America Mineiro,1,1,Botafogo
2022,838059,Regular Season - 7,2022-05-22T00:00:00+00:00,FT,Cuiaba,1,1,Internacional
2022,838054,Regular Season - 7,2022-05-22T19:00:00+00:00,FT,Corinthians,1,1,Sao Paulo
2022,838057,Regular Season - 7,2022-05-22T19:00:00+00:00,FT,Fortaleza EC,0,1,Fluminense
2022,838060,Regular Season - 7,2022-05-22T22:00:00+00:00,FT,Atletico Paranaense,2,1,Avai
2022,838068,Regular Season - 8,2022-05-28T19:30:00+00:00,FT,Goias,1,1,RB Bragantino
2022,838063,Regular Season - 8,2022-05-28T22:00:00+00:00,FT,Sao Paulo,2,2,Ceara
2022,838067,Regular Season - 8,2022-05-28T23:30:00+00:00,FT,Fortaleza EC,1,1,Juventude
2022,838065,Regular Season - 8,2022-05-29T19:00:00+00:00,FT,Santos,0,1,Palmeiras
2022,838070,Regular Season - 8,2022-05-29T19:00:00+00:00,FT,Coritiba,1,0,Botafogo
2022,838062,Regular Season - 8,2022-05-29T21:00:00+00:00,FT,Fluminense,1,2,Flamengo
2022,838064,Regular Season - 8,2022-05-29T21:00:00+00:00,FT,Corinthians,1,1,America Mineiro
2022,838069,Regular Season - 8,2022-05-29T21:00:00+00:00,FT,Cuiaba,0,1,Atletico Paranaense
2022,838061,Regular Season - 8,2022-05-29T22:00:00+00:00,FT,Atletico-MG,2,1,Avai
2022,838066,Regular Season - 8,2022-05-30T23:00:00+00:00,FT,Internacional,1,1,Atletico Goianiense
2022,838017,Regular Season - 3,2022-06-01T23:30:00+00:00,FT,Fortaleza EC,0,1,Ceara
2022,838071,Regular Season - 9,2022-06-04T19:30:00+00:00,FT,America Mineiro,2,1,Cuiaba
2022,838077,Regular Season - 9,2022-06-04T22:00:00+00:00,FT,Ceara,1,1,Coritiba
2022,838080,Regular Season - 9,2022-06-04T22:00:00+00:00,FT,Atletico Paranaense,2,2,Santos
2022,838079,Regular Season - 9,2022-06-04T22:00:00+00:00,FT,Avai,1,1,Sao Paulo
2022,838078,Regular Season - 9,2022-06-04T23:30:00+00:00,FT,Atletico Goianiense,0,1,Corinthians
2022,838076,Regular Season - 9,2022-06-05T14:00:00+00:00,FT,Juventude,1,0,Fluminense
2022,838074,Regular Season - 9,2022-06-05T19:00:00+00:00,FT,Palmeiras,0,0,Atletico-MG
2022,838072,Regular Season - 9,2022-06-05T19:00:00+00:00,FT,Flamengo,1,2,Fortaleza EC
2022,838073,Regular Season - 9,2022-06-05T22:00:00+00:00,FT,RB Bragantino,0,2,Internacional
2022,838075,Regular Season - 9,2022-06-06T23:00:00+00:00,FT,Botafogo,1,2,Goias
2022,838089,Regular Season - 10,2022-06-08T00:30:00+00:00,FT,Cuiaba,1,0,Corinthians
2022,838081,Regular Season - 10,2022-06-08T22:00:00+00:00,FT,America Mineiro,0,2,Ceara
2022,838086,Regular Season - 10,2022-06-08T22:00:00+00:00,FT,Juventude,1,3,Atletico Paranaense
2022,838088,Regular Season - 10,2022-06-08T23:30:00+00:00,FT,Atletico Goianiense,2,1,Avai
2022,838083,Regular Season - 10,2022-06-08T23:30:00+00:00,FT,RB Bragantino,1,0,Flamengo
2022,838082,Regular Season - 10,2022-06-09T00:30:00+00:00,FT,Fluminense,5,3,Atletico-MG
2022,838085,Regular Season - 10,2022-06-09T00:30:00+00:00,FT,Santos,1,1,Internacional
2022,838084,Regular Season - 10,2022-06-09T22:00:00+00:00,FT,Palmeiras,4,0,Botafogo
2022,838090,Regular Season - 10,2022-06-09T23:00:00+00:00,FT,Coritiba,1,1,Sao Paulo
2022,838087,Regular Season - 10,2022-06-09T23:00:00+00:00,FT,Fortaleza EC,1,1,Goias
2022,838094,Regular Season - 11,2022-06-11T19:30:00+00:00,FT,Corinthians,2,0,Juventude
2022,838092,Regular Season - 11,2022-06-11T22:00:00+00:00,FT,Fluminense,0,2,Atletico Goianiense
2022,838091,Regular Season - 11,2022-06-11T22:00:00+00:00,FT,Atletico-MG,1,1,Santos
2022,838099,Regular Season - 11,2022-06-11T22:00:00+00:00,FT,Cuiaba,1,1,RB Bragantino
2022,838096,Regular Season - 11,2022-06-12T00:00:00+00:00,FT,Internacional,3,1,Flamengo
2022,838093,Regular Season - 11,2022-06-12T19:00:00+00:00,FT,Sao Paulo,1,0,America Mineiro
2022,838098,Regular Season - 11,2022-06-12T19:00:00+00:00,FT,Goias,1,1,Ceara
2022,838100,Regular Season - 11,2022-06-12T21:00:00+00:00,FT,Coritiba,0,2,Palmeiras
2022,838097,Regular Season - 11,2022-06-12T22:00:00+00:00,FT,Fortaleza EC,0,0,Atletico Paranaense
2022,838095,Regular Season - 11,2022-06-13T22:00:00+00:00,FT,Botafogo,0,1,Avai
2022,838106,Regular Season - 12,2022-06-15T00:30:00+00:00,FT,Juventude,1,2,Santos
2022,838107,Regular Season - 12,2022-06-15T22:00:00+00:00,FT,Ceara,0,0,Atletico-MG
2022,838103,Regular Season - 12,2022-06-15T22:00:00+00:00,FT,RB Bragantino,4,2,Coritiba
2022,838102,Regular Season - 12,2022-06-15T23:30:00+00:00,FT,Flamengo,2,0,Cuiaba
2022,838108,Regular Season - 12,2022-06-15T23:30:00+00:00,FT,Goias,1,2,Internacional
2022,838101,Regular Season - 12,2022-06-16T00:30:00+00:00,FT,America Mineiro,0,0,Fluminense
2022,838110,Regular Season - 12,2022-06-16T00:30:00+00:00,FT,Atletico Paranaense,1,1,Corinthians
2022,838105,Regular Season - 12,2022-06-16T19:00:00+00:00,FT,Botafogo,1,0,Sao Paulo
2022,838104,Regular Season - 12,2022-06-16T21:00:00+00:00,FT,Palmeiras,4,2,Atletico Goianiense
2022,838109,Regular Season - 12,2022-06-16T22:00:00+00:00,FT,Avai,3,2,Fortaleza EC
2022,838119,Regular Season - 13,2022-06-18T22:00:00+00:00,FT,Cuiaba,0,0,Ceara
2022,838115,Regular Season - 13,2022-06-19T00:00:00+00:00,FT,Santos,2,2,RB Bragantino
2022,838114,Regular Season - 13,2022-06-19T19:00:00+00:00,FT,Corinthians,1,0,Goias
2022,838120,Regular Season - 13,2022-06-19T19:00:00+00:00,FT,Coritiba,0,1,Atletico Paranaense
2022,838111,Regular Season - 13,2022-06-19T19:00:00+00:00,FT,Atletico-MG,2,0,Flamengo
2022,838116,Regular Season - 13,2022-06-19T21:00:00+00:00,FT,Internacional,2,3,Botafogo
2022,838118,Regular Season - 13,2022-06-19T21:00:00+00:00,FT,Atletico Goianiense,3,1,Juventude
2022,838117,Regular Season - 13,2022-06-19T21:00:00+00:00,FT,Fortaleza EC,1,0,America Mineiro
2022,838112,Regular Season - 13,2022-06-19T22:00:00+00:00,FT,Fluminense,2,0,Avai
2022,838113,Regular Season - 13,2022-06-20T23:00:00+00:00,FT,Sao Paulo,1,2,Palmeiras
2022,838126,Regular Season - 14,2022-06-25T00:30:00+00:00,FT,Internacional,3,0,Coritiba
2022,838130,Regular Season - 14,2022-06-25T19:30:00+00:00,FT,Atletico Paranaense,4,2,RB Bragantino
2022,838122,Regular Season - 14,2022-06-25T22:00:00+00:00,FT,Flamengo,3,0,America Mineiro
2022,838124,Regular Season - 14,2022-06-25T22:00:00+00:00,FT,Corinthians,0,0,Santos
2022,838121,Regular Season - 14,2022-06-26T00:00:00+00:00,FT,Atletico-MG,3,2,Fortaleza EC
2022,838125,Regular Season - 14,2022-06-26T19:00:00+00:00,FT,Botafogo,0,1,Fluminense
2022,838129,Regular Season - 14,2022-06-26T19:00:00+00:00,FT,Avai,2,2,Palmeiras
2022,838123,Regular Season - 14,2022-06-26T21:00:00+00:00,FT,Sao Paulo,0,0,Juventude
2022,838127,Regular Season - 14,2022-06-26T21:00:00+00:00,FT,Ceara,1,1,Atletico Goianiense
2022,838128,Regular Season - 14,2022-06-26T21:00:00+00:00,FT,Goias,1,0,Cuiaba
2022,838132,Regular Season - 15,2022-07-02T19:30:00+00:00,FT,Fluminense,4,0,Corinthians
2022,838136,Regular Season - 15,2022-07-02T19:30:00+00:00,FT,Juventude,1,2,Atletico-MG
2022,838135,Regular Season - 15,2022-07-02T22:00:00+00:00,FT,Santos,1,2,Flamengo
2022,838137,Regular Season - 15,2022-07-02T22:00:00+00:00,FT,Ceara,1,1,Internacional
2022,838134,Regular Season - 15,2022-07-03T00:00:00+00:00,FT,Palmeiras,0,2,Atletico Paranaense
2022,838139,Regular Season - 15,2022-07-03T14:00:00+00:00,FT,Avai,1,2,Cuiaba
2022,838138,Regular Season - 15,2022-07-03T19:00:00+00:00,FT,Atletico Goianiense,1,2,Sao Paulo
2022,838131,Regular Season - 15,2022-07-03T21:00:00+00:00,FT,America Mineiro,1,0,Goias
2022,838140,Regular Season - 15,2022-07-03T21:00:00+00:00,FT,Coritiba,2,1,Fortaleza EC
2022,838133,Regular Season - 15,2022-07-04T23:00:00+00:00,FT,RB Bragantino,0,1,Botafogo
2022,838143,Regular Season - 16,2022-07-09T19:30:00+00:00,FT,RB Bragantino,4,0,Avai
2022,838142,Regular Season - 16,2022-07-09T22:00:00+00:00,FT,Fluminense,2,1,Ceara
2022,838148,Regular Season - 16,2022-07-09T23:30:00+00:00,FT,Goias,2,1,Atletico Paranaense
2022,838150,Regular Season - 16,2022-07-10T14:00:00+00:00,FT,Coritiba,2,2,Juventude
2022,838144,Regular Season - 16,2022-07-10T19:00:00+00:00,FT,Corinthians,1,0,Flamengo
2022,838145,Regular Season - 16,2022-07-10T21:00:00+00:00,FT,Santos,1,0,Atletico Goianiense
2022,838147,Regular Season - 16,2022-07-10T21:00:00+00:00,FT,Fortaleza EC,0,0,Palmeiras
2022,838141,Regular Season - 16,2022-07-10T21:00:00+00:00,FT,Atletico-MG,0,0,Sao Paulo
2022,838149,Regular Season - 16,2022-07-10T22:00:00+00:00,FT,Cuiaba,2,0,Botafogo
2022,838146,Regular Season - 16,2022-07-11T23:00:00+00:00,FT,Internacional,1,0,America Mineiro
2022,838160,Regular Season - 17,2022-07-16T19:30:00+00:00,FT,Atletico Paranaense,0,0,Internacional
2022,838152,Regular Season - 17,2022-07-16T22:00:00+00:00,FT,Flamengo,2,0,Coritiba
2022,838159,Regular Season - 17,2022-07-16T22:00:00+00:00,FT,Avai,1,0,Santos
2022,838157,Regular Season - 17,2022-07-17T00:00:00+00:00,FT,Ceara,3,1,Corinthians
2022,838156,Regular Season - 17,2022-07-17T14:00:00+00:00,FT,Juventude,0,0,Goias
2022,838153,Regular Season - 17,2022-07-17T19:00:00+00:00,FT,Sao Paulo,2,2,Fluminense
2022,838155,Regular Season - 17,2022-07-17T21:00:00+00:00,FT,Botafogo,0,1,Atletico-MG
2022,838158,Regular Season - 17,2022-07-17T21:00:00+00:00,FT,Atletico Goianiense,0,1,Fortaleza EC
2022,838151,Regular Season - 17,2022-07-17T22:00:00+00:00,FT,America Mineiro,0,3,RB Bragantino
2022,838154,Regular Season - 17,2022-07-18T23:00:00+00:00,FT,Palmeiras,1,0,Cuiaba
2022,838167,Regular Season - 18,2022-07-20T00:30:00+00:00,FT,Ceara,1,0,Avai
2022,838168,Regular Season - 18,2022-07-20T22:00:00+00:00,FT,Goias,2,3,Fluminense
2022,838163,Regular Season - 18,2022-07-20T22:00:00+00:00,FT,RB Bragantino,2,1,Fortaleza EC
2022,838170,Regular Season - 18,2022-07-20T22:30:00+00:00,FT,Atletico Paranaense,4,1,Atletico Goianiense
2022,838166,Regular Season - 18,2022-07-20T23:30:00+00:00,FT,Internacional,3,3,Sao Paulo
2022,838162,Regular Season - 18,2022-07-20T23:30:00+00:00,FT,Flamengo,4,0,Juventude
2022,838165,Regular Season - 18,2022-07-21T00:30:00+00:00,FT,Santos,2,0,Botafogo
2022,838164,Regular Season - 18,2022-07-21T00:30:00+00:00,FT,Corinthians,3,1,Coritiba
2022,838169,Regular Season - 18,2022-07-21T22:00:00+00:00,FT,Cuiaba,1,1,Atletico-MG
2022,838161,Regular Season - 18,2022-07-21T23:00:00+00:00,FT,America Mineiro,0,1,Palmeiras
2022,838173,Regular Season - 19,2022-07-23T22:00:00+00:00,FT,Sao Paulo,3,3,Goias
2022,838175,Regular Season - 19,2022-07-24T00:00:00+00:00,FT,Botafogo,2,0,Atletico Paranaense
2022,838179,Regular Season - 19,2022-07-24T14:00:00+00:00,FT,Avai,1,2,Flamengo
2022,838174,Regular Season - 19,2022-07-24T19:00:00+00:00,FT,Palmeiras,2,1,Internacional
2022,838172,Regular Season - 19,2022-07-24T19:00:00+00:00,FT,Fluminense,2,1,RB Bragantino
2022,838176,Regular Season - 19,2022-07-24T19:00:00+00:00,FT,Juventude,1,0,Ceara
2022,838178,Regular Season - 19,2022-07-24T21:00:00+00:00,FT,Atletico Goianiense,0,1,America Mineiro
2022,838171,Regular Season - 19,2022-07-24T21:00:00+00:00,FT,Atletico-MG,1,2,Corinthians
2022,838177,Regular Season - 19,2022-07-24T22:00:00+00:00,FT,Fortaleza EC,0,0,Santos
2022,838180,Regular Season - 19,2022-07-25T23:00:00+00:00,FT,Coritiba,1,0,Cuiaba
2022,838187,Regular Season - 20,2022-07-30T19:30:00+00:00,FT,Ceara,1,2,Palmeiras
2022,838188,Regular Season - 20,2022-07-30T19:30:00+00:00,FT,Goias,1,0,Coritiba
2022,838184,Regular Season - 20,2022-07-30T22:00:00+00:00,FT,Corinthians,1,0,Botafogo
2022,838182,Regular Season - 20,2022-07-30T23:30:00+00:00,FT,Flamengo,4,1,Atletico Goianiense
2022,838186,Regular Season - 20,2022-07-31T19:00:00+00:00,FT,Internacional,3,0,Atletico-MG
2022,838190,Regular Season - 20,2022-07-31T19:00:00+00:00,FT,Atletico Paranaense,1,0,Sao Paulo
2022,838181,Regular Season - 20,2022-07-31T21:00:00+00:00,FT,America Mineiro,3,1,Avai
2022,838189,Regular Season - 20,2022-07-31T21:00:00+00:00,FT,Cuiaba,0,1,Fortaleza EC
2022,838183,Regular Season - 20,2022-07-31T22:00:00+00:00,FT,RB Bragantino,1,0,Juventude
2022,838185,Regular Season - 20,2022-08-01T23:00:00+00:00,FT,Santos,2,2,Fluminense
2022,838195,Regular Season - 21,2022-08-06T19:30:00+00:00,FT,Botafogo,1,1,Ceara
2022,838196,Regular Season - 21,2022-08-06T19:30:00+00:00,FT,Juventude,0,1,America Mineiro
2022,838198,Regular Season - 21,2022-08-06T22:00:00+00:00,FT,Atletico Goianiense,2,1,RB Bragantino
2022,838199,Regular Season - 21,2022-08-06T22:00:00+00:00,FT,Avai,1,1,Corinthians
2022,838193,Regular Season - 21,2022-08-06T23:30:00+00:00,FT,Sao Paulo,0,2,Flamengo
2022,838194,Regular Season - 21,2022-08-07T19:00:00+00:00,FT,Palmeiras,3,0,Goias
2022,838192,Regular Season - 21,2022-08-07T19:00:00+00:00,FT,Fluminense,1,0,Cuiaba
2022,838197,Regular Season - 21,2022-08-07T21:00:00+00:00,FT,Fortaleza EC,3,0,Internacional
2022,838191,Regular Season - 21,2022-08-07T22:00:00+00:00,FT,Atletico-MG,2,3,Atletico Paranaense
2022,838200,Regular Season - 21,2022-08-08T23:00:00+00:00,FT,Coritiba,1,2,Santos
2022,838208,Regular Season - 22,2022-08-13T19:30:00+00:00,FT,Goias,1,1,Avai
2022,838204,Regular Season - 22,2022-08-13T22:00:00+00:00,FT,Corinthians,0,1,Palmeiras
2022,838209,Regular Season - 22,2022-08-13T23:30:00+00:00,FT,Cuiaba,1,0,Juventude
2022,838205,Regular Season - 22,2022-08-14T00:00:00+00:00,FT,Botafogo,0,0,Atletico Goianiense
2022,838210,Regular Season - 22,2022-08-14T14:00:00+00:00,FT,Coritiba,0,1,Atletico-MG
2022,838203,Regular Season - 22,2022-08-14T19:00:00+00:00,FT,Sao Paulo,3,0,RB Bragantino
2022,838202,Regular Season - 22,2022-08-14T19:00:00+00:00,FT,Flamengo,5,0,Atletico Paranaense
2022,838207,Regular Season - 22,2022-08-14T19:00:00+00:00,FT,Ceara,0,1,Fortaleza EC
2022,838201,Regular Season - 22,2022-08-14T21:00:00+00:00,FT,America Mineiro,1,0,Santos
2022,838206,Regular Season - 22,2022-08-14T22:00:00+00:00,FT,Internacional,3,0,Fluminense
2022,838211,Regular Season - 23,2022-08-20T19:30:00+00:00,FT,Atletico-MG,0,1,Goias
2022,838212,Regular Season - 23,2022-08-20T22:00:00+00:00,FT,Fluminense,5,2,Coritiba
2022,838216,Regular Season - 23,2022-08-21T14:00:00+00:00,FT,Juventude,2,2,Botafogo
2022,838214,Regular Season - 23,2022-08-21T19:00:00+00:00,FT,Palmeiras,1,1,Flamengo
2022,838220,Regular Season - 23,2022-08-21T21:00:00+00:00,FT,Atletico Paranaense,1,1,America Mineiro
2022,838218,Regular Season - 23,2022-08-21T21:00:00+00:00,FT,Atletico Goianiense,1,1,Cuiaba
2022,838217,Regular Season - 23,2022-08-21T21:00:00+00:00,FT,Fortaleza EC,1,0,Corinthians
2022,838213,Regular Season - 23,2022-08-21T21:00:00+00:00,FT,RB Bragantino,1,1,Ceara
2022,838215,Regular Season - 23,2022-08-21T22:00:00+00:00,FT,Santos,1,0,Sao Paulo
2022,838219,Regular Season - 23,2022-08-22T23:00:00+00:00,FT,Avai,0,1,Internacional
2022,838230,Regular Season - 24,2022-08-27T19:30:00+00:00,FT,Coritiba,1,0,Avai
2022,838228,Regular Season - 24,2022-08-27T19:30:00+00:00,FT,Goias,2,1,Atletico Goianiense
2022,838222,Regular Season - 24,2022-08-27T22:00:00+00:00,FT,Fluminense,1,1,Palmeiras
2022,838227,Regular Season - 24,2022-08-28T00:00:00+00:00,FT,Ceara,0,0,Atletico Paranaense
2022,838221,Regular Season - 24,2022-08-28T19:00:00+00:00,FT,America Mineiro,1,1,Atletico-MG
2022,838223,Regular Season - 24,2022-08-28T19:00:00+00:00,FT,Sao Paulo,0,1,Fortaleza EC
2022,838225,Regular Season - 24,2022-08-28T21:00:00+00:00,FT,Botafogo,0,1,Flamengo
2022,838229,Regular Season - 24,2022-08-28T21:00:00+00:00,FT,Cuiaba,0,0,Santos
2022,838226,Regular Season - 24,2022-08-29T23:00:00+00:00,FT,Internacional,4,0,Juventude
2022,838224,Regular Season - 24,2022-08-30T00:30:00+00:00,FT,Corinthians,1,0,RB Bragantino
2022,838236,Regular Season - 25,2022-09-03T19:30:00+00:00,FT,Juventude,1,1,Avai
2022,838240,Regular Season - 25,2022-09-03T22:00:00+00:00,FT,Atletico Paranaense,1,0,Fluminense
2022,838233,Regular Season - 25,2022-09-03T22:00:00+00:00,FT,RB Bragantino,2,2,Palmeiras
2022,838231,Regular Season - 25,2022-09-03T23:30:00+00:00,FT,America Mineiro,2,0,Coritiba
2022,838232,Regular Season - 25,2022-09-04T14:00:00+00:00,FT,Flamengo,1,1,Ceara
2022,838234,Regular Season - 25,2022-09-04T19:00:00+00:00,FT,Corinthians,2,2,Internacional
2022,838237,Regular Season - 25,2022-09-04T19:00:00+00:00,FT,Fortaleza EC,1,3,Botafogo
2022,838238,Regular Season - 25,2022-09-04T21:00:00+00:00,FT,Atletico Goianiense,0,2,Atletico-MG
2022,838239,Regular Season - 25,2022-09-04T22:00:00+00:00,FT,Cuiaba,1,1,Sao Paulo
2022,838235,Regular Season - 25,2022-09-05T23:00:00+00:00,FT,Santos,1,2,Goias
2022,838241,Regular Season - 26,2022-09-07T20:00:00+00:00,FT,Atletico-MG,1,1,RB Bragantino
2022,838246,Regular Season - 26,2022-09-10T19:30:00+00:00,FT,Internacional,1,0,Cuiaba
2022,838247,Regular Season - 26,2022-09-10T19:30:00+00:00,FT,Ceara,2,1,Santos
2022,838242,Regular Season - 26,2022-09-10T22:00:00+00:00,FT,Fluminense,2,1,Fortaleza EC
2022,838244,Regular Season - 26,2022-09-11T00:00:00+00:00,FT,Palmeiras,2,1,Juventude
2022,838245,Regular Season - 26,2022-09-11T14:00:00+00:00,FT,Botafogo,0,0,America Mineiro
2022,838249,Regular Season - 26,2022-09-11T14:00:00+00:00,FT,Avai,1,1,Atletico Paranaense
2022,838243,Regular Season - 26,2022-09-11T19:00:00+00:00,FT,Sao Paulo,1,1,Corinthians
2022,838250,Regular Season - 26,2022-09-11T19:00:00+00:00,FT,Coritiba,2,0,Atletico Goianiense
2022,838248,Regular Season - 26,2022-09-11T22:00:00+00:00,FT,Goias,1,1,Flamengo
2022,838259,Regular Season - 27,2022-09-17T19:30:00+00:00,FT,Avai,1,0,Atletico-MG
2022,838255,Regular Season - 27,2022-09-17T22:00:00+00:00,FT,Botafogo,2,0,Coritiba
2022,838253,Regular Season - 27,2022-09-18T14:00:00+00:00,FT,RB Bragantino,1,1,Goias
2022,838252,Regular Season - 27,2022-09-18T19:00:00+00:00,FT,Flamengo,1,2,Fluminense
2022,838257,Regular Season - 27,2022-09-18T19:00:00+00:00,FT,Ceara,0,2,Sao Paulo
2022,838251,Regular Season - 27,2022-09-18T21:00:00+00:00,FT,America Mineiro,1,0,Corinthians
2022,838256,Regular Season - 27,2022-09-18T21:00:00+00:00,FT,Juventude,1,1,Fortaleza EC
2022,838254,Regular Season - 27,2022-09-18T21:30:00+00:00,FT,Palmeiras,1,0,Santos
2022,838260,Regular Season - 27,2022-09-18T22:00:00+00:00,FT,Atletico Paranaense,2,2,Cuiaba
2022,838258,Regular Season - 27,2022-09-19T23:00:00+00:00,FT,Atletico Goianiense,1,2,Internacional
2022,838263,Regular Season - 28,2022-09-25T23:00:00+00:00,FT,Sao Paulo,4,0,Avai
2022,838265,Regular Season - 28,2022-09-28T00:00:00+00:00,FT,Santos,2,0,Atletico Paranaense
2022,838262,Regular Season - 28,2022-09-28T22:00:00+00:00,FT,Fluminense,4,0,Juventude
2022,838264,Regular Season - 28,2022-09-28T22:00:00+00:00,FT,Corinthians,2,1,Atletico Goianiense
2022,838270,Regular Season - 28,2022-09-28T22:00:00+00:00,FT,Coritiba,1,0,Ceara
2022,838267,Regular Season - 28,2022-09-28T22:00:00+00:00,FT,Fortaleza EC,3,2,Flamengo
2022,838269,Regular Season - 28,2022-09-29T00:00:00+00:00,FT,Cuiaba,2,1,America Mineiro
2022,838266,Regular Season - 28,2022-09-29T00:45:00+00:00,FT,Internacional,0,0,RB Bragantino
2022,838268,Regular Season - 28,2022-09-29T00:45:00+00:00,FT,Goias,0,1,Botafogo
2022,838261,Regular Season - 28,2022-09-29T00:45:00+00:00,FT,Atletico-MG,0,1,Palmeiras
2022,838276,Regular Season - 29,2022-10-01T18:00:00+00:00,FT,Internacional,1,0,Santos
2022,838277,Regular Season - 29,2022-10-01T18:00:00+00:00,FT,Ceara,1,2,America Mineiro
2022,838271,Regular Season - 29,2022-10-01T18:00:00+00:00,FT,Atletico-MG,2,0,Fluminense
2022,838272,Regular Season - 29,2022-10-01T22:00:00+00:00,FT,Flamengo,4,1,RB Bragantino
2022,838280,Regular Season - 29,2022-10-01T22:00:00+00:00,FT,Atletico Paranaense,2,0,Juventude
2022,838279,Regular Season - 29,2022-10-01T22:00:00+00:00,FT,Avai,1,2,Atletico Goianiense
2022,838278,Regular Season - 29,2022-10-01T22:00:00+00:00,FT,Goias,0,1,Fortaleza EC
2022,838274,Regular Season - 29,2022-10-02T00:00:00+00:00,FT,Corinthians,2,0,Cuiaba
2022,838275,Regular Season - 29,2022-10-03T23:00:00+00:00,FT,Botafogo,1,3,Palmeiras
2022,838286,Regular Season - 30,2022-10-05T00:30:00+00:00,FT,Juventude,2,2,Corinthians
2022,838287,Regular Season - 30,2022-10-05T22:00:00+00:00,FT,Ceara,1,1,Goias
2022,838288,Regular Season - 30,2022-10-05T22:00:00+00:00,FT,Atletico Goianiense,3,2,Fluminense
2022,838283,Regular Season - 30,2022-10-05T22:00:00+00:00,FT,RB Bragantino,2,1,Cuiaba
2022,838290,Regular Season - 30,2022-10-05T22:30:00+00:00,FT,Atletico Paranaense,1,1,Fortaleza EC
2022,838282,Regular Season - 30,2022-10-06T00:30:00+00:00,FT,Flamengo,0,0,Internacional
2022,838285,Regular Season - 30,2022-10-06T00:30:00+00:00,FT,Santos,1,2,Atletico-MG
2022,838284,Regular Season - 30,2022-10-06T22:00:00+00:00,FT,Palmeiras,4,0,Coritiba
2022,838281,Regular Season - 30,2022-10-06T23:00:00+00:00,FT,America Mineiro,1,2,Sao Paulo
2022,838289,Regular Season - 30,2022-10-06T23:00:00+00:00,FT,Avai,1,2,Botafogo
2022,838299,Regular Season - 31,2022-10-08T22:00:00+00:00,FT,Cuiaba,1,2,Flamengo
2022,838294,Regular Season - 31,2022-10-09T00:00:00+00:00,FT,Corinthians,2,1,Atletico Paranaense
2022,838296,Regular Season - 31,2022-10-09T14:00:00+00:00,FT,Internacional,4,2,Goias
2022,838293,Regular Season - 31,2022-10-09T19:00:00+00:00,FT,Sao Paulo,0,1,Botafogo
2022,838297,Regular Season - 31,2022-10-09T19:00:00+00:00,FT,Fortaleza EC,2,0,Avai
2022,838292,Regular Season - 31,2022-10-09T21:00:00+00:00,FT,Fluminense,0,2,America Mineiro
2022,838300,Regular Season - 31,2022-10-09T21:00:00+00:00,FT,Coritiba,2,1,RB Bragantino
2022,838291,Regular Season - 31,2022-10-09T21:00:00+00:00,FT,Atletico-MG,0,0,Ceara
2022,838298,Regular Season - 31,2022-10-10T21:30:00+00:00,FT,Atletico Goianiense,1,1,Palmeiras
2022,838295,Regular Season - 31,2022-10-10T23:00:00+00:00,FT,Santos,4,1,Juventude
2022,838301,Regular Season - 32,2022-10-15T23:30:00+00:00,FT,America Mineiro,1,2,Fortaleza EC
2022,838302,Regular Season - 32,2022-10-15T23:30:00+00:00,FT,Flamengo,1,0,Atletico-MG
2022,838304,Regular Season - 32,2022-10-16T19:00:00+00:00,FT,Palmeiras,0,0,Sao Paulo
2022,838307,Regular Season - 32,2022-10-16T19:00:00+00:00,FT,Ceara,1,1,Cuiaba
2022,838305,Regular Season - 32,2022-10-16T21:00:00+00:00,FT,Botafogo,0,1,Internacional
2022,838306,Regular Season - 32,2022-10-16T21:00:00+00:00,FT,Juventude,1,1,Atletico Goianiense
2022,838310,Regular Season - 32,2022-10-16T22:00:00+00:00,FT,Atletico Paranaense,1,0,Coritiba
2022,838309,Regular Season - 32,2022-10-16T22:00:00+00:00,FT,Avai,0,3,Fluminense
2022,838303,Regular Season - 32,2022-10-17T23:00:00+00:00,FT,RB Bragantino,0,2,Santos
2022,838273,Regular Season - 29,2022-10-20T23:00:00+00:00,FT,Sao Paulo,3,1,Coritiba
2022,838313,Regular Season - 33,2022-10-22T19:30:00+00:00,FT,RB Bragantino,4,2,Atletico Paranaense
2022,838311,Regular Season - 33,2022-10-22T22:00:00+00:00,FT,America Mineiro,1,2,Flamengo
2022,838315,Regular Season - 33,2022-10-22T22:00:00+00:00,FT,Santos,0,1,Corinthians
2022,838314,Regular Season - 33,2022-10-23T00:00:00+00:00,FT,Palmeiras,3,0,Avai
2022,838312,Regular Season - 33,2022-10-23T19:00:00+00:00,FT,Fluminense,2,2,Botafogo
2022,838316,Regular Season - 33,2022-10-23T19:00:00+00:00,FT,Juventude,1,2,Sao Paulo
2022,838318,Regular Season - 33,2022-10-23T21:00:00+00:00,FT,Atletico Goianiense,1,0,Ceara
2022,838320,Regular Season - 33,2022-10-23T21:00:00+00:00,FT,Coritiba,1,1,Internacional
2022,838319,Regular Season - 33,2022-10-23T21:00:00+00:00,FT,Cuiaba,1,2,Goias
2022,838317,Regular Season - 33,2022-10-24T23:00:00+00:00,FT,Fortaleza EC,0,0,Atletico-MG
2022,838322,Regular Season - 34,2022-10-26T00:45:00+00:00,FT,Flamengo,3,2,Santos
2022,838330,Regular Season - 34,2022-10-26T00:45:00+00:00,FT,Atletico Paranaense,1,3,Palmeiras
2022,838325,Regular Season - 34,2022-10-26T22:30:00+00:00,FT,Botafogo,2,1,RB Bragantino
2022,838326,Regular Season - 34,2022-10-27T00:45:00+00:00,FT,Internacional,2,1,Ceara
2022,838324,Regular Season - 34,2022-10-27T00:45:00+00:00,FT,Corinthians,0,2,Fluminense
2022,838328,Regular Season - 34,2022-10-27T00:45:00+00:00,FT,Goias,2,2,America Mineiro
2022,838323,Regular Season - 34,2022-10-27T22:00:00+00:00,FT,Sao Paulo,2,1,Atletico Goianiense
2022,838327,Regular Season - 34,2022-10-27T22:00:00+00:00,FT,Fortaleza EC,3,1,Coritiba
2022,838321,Regular Season - 34,2022-10-27T22:30:00+00:00,FT,Atletico-MG,1,0,Juventude
2022,838329,Regular Season - 34,2022-10-27T23:00:00+00:00,FT,Cuiaba,1,0,Avai
2022,838308,Regular Season - 32,2022-10-29T23:30:00+00:00,FT,Goias,0,0,Corinthians
2022,838335,Regular Season - 35,2022-10-31T22:00:00+00:00,FT,Botafogo,0,2,Cuiaba
2022,838337,Regular Season - 35,2022-10-31T23:00:00+00:00,FT,Ceara,0,1,Fluminense
2022,838338,Regular Season - 35,2022-11-01T22:00:00+00:00,FT,Atletico Goianiense,2,3,Santos
2022,838339,Regular Season - 35,2022-11-01T22:00:00+00:00,FT,Avai,1,2,RB Bragantino
2022,838336,Regular Season - 35,2022-11-01T22:00:00+00:00,FT,Juventude,0,1,Coritiba
2022,838333,Regular Season - 35,2022-11-02T00:30:00+00:00,FT,Sao Paulo,2,2,Atletico-MG
2022,838331,Regular Season - 35,2022-11-02T19:00:00+00:00,FT,America Mineiro,1,0,Internacional
2022,838340,Regular Season - 35,2022-11-02T19:00:00+00:00,FT,Atletico Paranaense,3,2,Goias
2022,838334,Regular Season - 35,2022-11-03T00:30:00+00:00,FT,Palmeiras,4,0,Fortaleza EC
2022,838332,Regular Season - 35,2022-11-03T00:30:00+00:00,FT,Flamengo,1,2,Corinthians
2022,838348,Regular Season - 36,2022-11-04T22:00:00+00:00,FT,Goias,1,0,Juventude
2022,838343,Regular Season - 36,2022-11-04T22:00:00+00:00,FT,RB Bragantino,1,4,America Mineiro
2022,838342,Regular Season - 36,2022-11-05T19:30:00+00:00,FT,Fluminense,3,1,Sao Paulo
2022,838345,Regular Season - 36,2022-11-05T19:30:00+00:00,FT,Santos,1,1,Avai
2022,838344,Regular Season - 36,2022-11-05T23:30:00+00:00,FT,Corinthians,1,0,Ceara
2022,838346,Regular Season - 36,2022-11-06T00:00:00+00:00,FT,Internacional,2,0,Atletico Paranaense
2022,838350,Regular Season - 36,2022-11-06T19:00:00+00:00,FT,Coritiba,1,0,Flamengo
2022,838347,Regular Season - 36,2022-11-06T19:00:00+00:00,FT,Fortaleza EC,1,1,Atletico Goianiense
2022,838349,Regular Season - 36,2022-11-06T21:30:00+00:00,FT,Cuiaba,1,1,Palmeiras
2022,838341,Regular Season - 36,2022-11-07T23:00:00+00:00,FT,Atletico-MG,0,2,Botafogo
2022,838352,Regular Season - 37,2022-11-08T22:00:00+00:00,FT,Fluminense,3,0,Goias
2022,838359,Regular Season - 37,2022-11-08T22:00:00+00:00,FT,Avai,2,0,Ceara
2022,838360,Regular Season - 37,2022-11-08T22:00:00+00:00,FT,Coritiba,2,2,Corinthians
2022,838353,Regular Season - 37,2022-11-09T00:30:00+00:00,FT,Sao Paulo,0,1,Internacional
2022,838357,Regular Season - 37,2022-11-09T23:30:00+00:00,FT,Fortaleza EC,6,0,RB Bragantino
2022,838354,Regular Season - 37,2022-11-10T00:30:00+00:00,FT,Palmeiras,2,1,America Mineiro
2022,838358,Regular Season - 37,2022-11-10T00:30:00+00:00,FT,Atletico Goianiense,1,1,Atletico Paranaense
2022,838356,Regular Season - 37,2022-11-10T00:30:00+00:00,FT,Juventude,2,2,Flamengo
2022,838355,Regular Season - 37,2022-11-10T23:00:00+00:00,FT,Botafogo,3,0,Santos
2022,838351,Regular Season - 37,2022-11-10T23:00:00+00:00,FT,Atletico-MG,3,0,Cuiaba
2022,838362,Regular Season - 38,2022-11-12T19:00:00+00:00,FT,Flamengo,1,2,Avai
2022,838366,Regular Season - 38,2022-11-13T19:00:00+00:00,FT,Internacional,3,0,Palmeiras
2022,838361,Regular Season - 38,2022-11-13T19:00:00+00:00,FT,America Mineiro,1,1,Atletico Goianiense
2022,838365,Regular Season - 38,2022-11-13T19:00:00+00:00,FT,Santos,0,2,Fortaleza EC
2022,838367,Regular Season - 38,2022-11-13T19:00:00+00:00,FT,Ceara,4,1,Juventude
2022,838364,Regular Season - 38,2022-11-13T19:00:00+00:00,FT,Corinthians,0,1,Atletico-MG
2022,838370,Regular Season - 38,2022-11-13T19:00:00+00:00,FT,Atletico Paranaense,3,0,Botafogo
2022,838368,Regular Season - 38,2022-11-13T19:00:00+00:00,FT,Goias,0,4,Sao Paulo
2022,838363,Regular Season - 38,2022-11-13T19:00:00+00:00,FT,RB Bragantino,0,1,Fluminense
2022,838369,Regular Season - 38,2022-11-13T19:00:00+00:00,FT,Cuiaba,2,1,Coritiba
2023,1005651,Regular Season - 1,2023-04-15T19:00:00+00:00,FT,Palmeiras,2,1,Cuiaba
2023,1005658,Regular Season - 1,2023-04-15T19:00:00+00:00,FT,America Mineiro,0,3,Fluminense
2023,1005650,Regular Season - 1,2023-04-15T21:30:00+00:00,FT,Botafogo,2,1,Sao Paulo
2023,1005656,Regular Season - 1,2023-04-15T21:30:00+00:00,FT,Atletico Paranaense,2,0,Goias
2023,1005657,Regular Season - 1,2023-04-15T21:30:00+00:00,FT,Fortaleza EC,1,1,Internacional
2023,1005653,Regular Season - 1,2023-04-15T21:30:00+00:00,FT,RB Bragantino,2,1,Bahia
2023,1005654,Regular Season - 1,2023-04-16T00:00:00+00:00,FT,Atletico-MG,1,2,Vasco DA Gama
2023,1005649,Regular Season - 1,2023-04-16T19:00:00+00:00,FT,Flamengo,3,0,Coritiba
2023,1005652,Regular Season - 1,2023-04-16T19:00:00+00:00,FT,Corinthians,2,1,Cruzeiro
2023,1005655,Regular Season - 1,2023-04-16T21:30:00+00:00,FT,Gremio,1,0,Santos
2023,1005659,Regular Season - 2,2023-04-22T19:00:00+00:00,FT,Fluminense,2,0,Atletico Paranaense
2023,1005661,Regular Season - 2,2023-04-22T21:30:00+00:00,FT,Sao Paulo,3,0,America Mineiro
2023,1005668,Regular Season - 2,2023-04-22T21:30:00+00:00,FT,Cuiaba,1,1,RB Bragantino
2023,1005664,Regular Season - 2,2023-04-23T00:00:00+00:00,FT,Cruzeiro,1,0,Gremio
2023,1005665,Regular Season - 2,2023-04-23T14:00:00+00:00,FT,Internacional,2,1,Flamengo
2023,1005662,Regular Season - 2,2023-04-23T19:00:00+00:00,FT,Santos,0,0,Atletico-MG
2023,1005660,Regular Season - 2,2023-04-23T19:00:00+00:00,FT,Vasco DA Gama,2,2,Palmeiras
2023,1005666,Regular Season - 2,2023-04-23T21:30:00+00:00,FT,Coritiba,0,3,Fortaleza EC
2023,1005663,Regular Season - 2,2023-04-23T22:00:00+00:00,FT,Goias,3,1,Corinthians
2023,1005667,Regular Season - 2,2023-04-24T23:00:00+00:00,FT,Bahia,1,2,Botafogo
2023,1005676,Regular Season - 3,2023-04-29T19:30:00+00:00,FT,Coritiba,1,1,Sao Paulo
2023,1005677,Regular Season - 3,2023-04-29T19:30:00+00:00,FT,Fortaleza EC,4,2,Fluminense
2023,1005671,Regular Season - 3,2023-04-29T21:30:00+00:00,FT,Palmeiras,2,1,Corinthians
2023,1005672,Regular Season - 3,2023-04-29T21:30:00+00:00,FT,Santos,3,2,America Mineiro
2023,1005673,Regular Season - 3,2023-04-29T21:30:00+00:00,FT,RB Bragantino,0,3,Cruzeiro
2023,1005674,Regular Season - 3,2023-04-30T00:00:00+00:00,FT,Atletico-MG,2,1,Atletico Paranaense
2023,1005669,Regular Season - 3,2023-04-30T19:00:00+00:00,FT,Flamengo,2,3,Botafogo
2023,1005675,Regular Season - 3,2023-04-30T21:30:00+00:00,FT,Internacional,1,0,Goias
2023,1005678,Regular Season - 3,2023-04-30T21:30:00+00:00,FT,Cuiaba,1,2,Gremio
2023,1005670,Regular Season - 3,2023-05-01T23:00:00+00:00,FT,Vasco DA Gama,0,1,Bahia
2023,1005684,Regular Season - 4,2023-05-06T19:00:00+00:00,FT,Cruzeiro,2,1,Santos
2023,1005679,Regular Season - 4,2023-05-07T00:00:00+00:00,FT,Fluminense,1,1,Vasco DA Gama
2023,1005688,Regular Season - 4,2023-05-07T14:00:00+00:00,FT,America Mineiro,1,2,Cuiaba
2023,1005687,Regular Season - 4,2023-05-07T19:00:00+00:00,FT,Bahia,3,1,Coritiba
2023,1005681,Regular Season - 4,2023-05-07T19:00:00+00:00,FT,Sao Paulo,2,0,Internacional
2023,1005686,Regular Season - 4,2023-05-07T19:00:00+00:00,FT,Atletico Paranaense,2,1,Flamengo
2023,1005680,Regular Season - 4,2023-05-07T21:30:00+00:00,FT,Botafogo,2,0,Atletico-MG
2023,1005685,Regular Season - 4,2023-05-07T21:30:00+00:00,FT,Gremio,3,3,RB Bragantino
2023,1005683,Regular Season - 4,2023-05-07T21:30:00+00:00,FT,Goias,0,5,Palmeiras
2023,1005682,Regular Season - 4,2023-05-08T23:00:00+00:00,FT,Corinthians,1,1,Fortaleza EC
2023,1005695,Regular Season - 5,2023-05-10T22:00:00+00:00,FT,Internacional,0,2,Atletico Paranaense
2023,1005692,Regular Season - 5,2023-05-10T22:00:00+00:00,FT,Santos,3,0,Bahia
2023,1005693,Regular Season - 5,2023-05-10T22:00:00+00:00,FT,RB Bragantino,2,2,America Mineiro
2023,1005689,Regular Season - 5,2023-05-10T23:00:00+00:00,FT,Flamengo,2,0,Goias
2023,1005698,Regular Season - 5,2023-05-10T23:00:00+00:00,FT,Cuiaba,0,4,Atletico-MG
2023,1005691,Regular Season - 5,2023-05-11T00:30:00+00:00,FT,Palmeiras,4,1,Gremio
2023,1005694,Regular Season - 5,2023-05-11T00:30:00+00:00,FT,Cruzeiro,0,2,Fluminense
2023,1005696,Regular Season - 5,2023-05-11T22:00:00+00:00,FT,Coritiba,1,1,Vasco DA Gama
2023,1005690,Regular Season - 5,2023-05-11T22:30:00+00:00,FT,Botafogo,3,0,Corinthians
2023,1005697,Regular Season - 5,2023-05-11T23:00:00+00:00,FT,Fortaleza EC,0,0,Sao Paulo
2023,1005707,Regular Season - 6,2023-05-13T19:00:00+00:00,FT,Bahia,2,3,Flamengo
2023,1005701,Regular Season - 6,2023-05-13T21:30:00+00:00,FT,Palmeiras,1,1,RB Bragantino
2023,1005699,Regular Season - 6,2023-05-13T21:30:00+00:00,FT,Fluminense,2,0,Cuiaba
2023,1005704,Regular Season - 6,2023-05-14T00:00:00+00:00,FT,Atletico-MG,2,0,Internacional
2023,1005705,Regular Season - 6,2023-05-14T19:00:00+00:00,FT,Gremio,0,0,Fortaleza EC
2023,1005702,Regular Season - 6,2023-05-14T19:00:00+00:00,FT,Corinthians,1,1,Sao Paulo
2023,1005700,Regular Season - 6,2023-05-14T19:00:00+00:00,FT,Vasco DA Gama,0,1,Santos
2023,1005708,Regular Season - 6,2023-05-14T21:30:00+00:00,FT,America Mineiro,0,4,Cruzeiro
2023,1005706,Regular Season - 6,2023-05-14T21:30:00+00:00,FT,Atletico Paranaense,3,2,Coritiba
2023,1005703,Regular Season - 6,2023-05-14T21:30:00+00:00,FT,Goias,2,1,Botafogo
2023,1005717,Regular Season - 7,2023-05-20T19:00:00+00:00,FT,Bahia,1,1,Goias
2023,1005710,Regular Season - 7,2023-05-20T21:30:00+00:00,FT,Botafogo,1,0,Fluminense
2023,1005718,Regular Season - 7,2023-05-20T21:30:00+00:00,FT,America Mineiro,2,1,Fortaleza EC
2023,1005711,Regular Season - 7,2023-05-20T21:30:00+00:00,FT,Sao Paulo,4,2,Vasco DA Gama
2023,1005716,Regular Season - 7,2023-05-20T21:30:00+00:00,FT,Coritiba,1,2,Atletico-MG
2023,1005713,Regular Season - 7,2023-05-20T21:30:00+00:00,FT,RB Bragantino,2,0,Atletico Paranaense
2023,1005712,Regular Season - 7,2023-05-21T00:00:00+00:00,FT,Santos,0,0,Palmeiras
2023,1005709,Regular Season - 7,2023-05-21T19:00:00+00:00,FT,Flamengo,1,0,Corinthians
2023,1005715,Regular Season - 7,2023-05-21T21:30:00+00:00,FT,Gremio,3,1,Internacional
2023,1005714,Regular Season - 7,2023-05-22T23:00:00+00:00,FT,Cruzeiro,0,1,Cuiaba
2023,1005726,Regular Season - 8,2023-05-27T19:00:00+00:00,FT,Atletico Paranaense,1,2,Gremio
2023,1005727,Regular Season - 8,2023-05-27T19:00:00+00:00,FT,Fortaleza EC,2,0,Vasco DA Gama
2023,1005719,Regular Season - 8,2023-05-27T21:30:00+00:00,FT,Flamengo,1,1,Cruzeiro
2023,1005728,Regular Season - 8,2023-05-27T21:30:00+00:00,FT,Cuiaba,1,1,Coritiba
2023,1005721,Regular Season - 8,2023-05-28T00:00:00+00:00,FT,Sao Paulo,2,1,Goias
2023,1005725,Regular Season - 8,2023-05-28T19:00:00+00:00,FT,Internacional,2,0,Bahia
2023,1005722,Regular Season - 8,2023-05-28T19:00:00+00:00,FT,Corinthians,2,0,Fluminense
2023,1005723,Regular Season - 8,2023-05-28T21:30:00+00:00,FT,RB Bragantino,2,0,Santos
2023,1005724,Regular Season - 8,2023-05-28T21:30:00+00:00,FT,Atletico-MG,1,1,Palmeiras
2023,1005720,Regular Season - 8,2023-05-28T22:00:00+00:00,FT,Botafogo,2,0,America Mineiro
2023,1005737,Regular Season - 9,2023-06-03T19:00:00+00:00,FT,Fortaleza EC,0,0,Bahia
2023,1005738,Regular Season - 9,2023-06-03T21:30:00+00:00,FT,America Mineiro,2,0,Corinthians
2023,1005736,Regular Season - 9,2023-06-03T21:30:00+00:00,FT,Atletico Paranaense,1,0,Botafogo
2023,1005734,Regular Season - 9,2023-06-03T21:30:00+00:00,FT,Cruzeiro,0,1,Atletico-MG
2023,1005732,Regular Season - 9,2023-06-04T00:00:00+00:00,FT,Santos,1,1,Internacional
2023,1005729,Regular Season - 9,2023-06-04T19:00:00+00:00,FT,Fluminense,2,1,RB Bragantino
2023,1005735,Regular Season - 9,2023-06-04T19:00:00+00:00,FT,Gremio,2,1,Sao Paulo
2023,1005731,Regular Season - 9,2023-06-04T21:30:00+00:00,FT,Palmeiras,3,1,Coritiba
2023,1005733,Regular Season - 9,2023-06-04T21:30:00+00:00,FT,Goias,0,1,Cuiaba
2023,1005730,Regular Season - 9,2023-06-05T23:00:00+00:00,FT,Vasco DA Gama,1,4,Flamengo
2023,1005746,Regular Season - 10,2023-06-10T19:00:00+00:00,FT,Coritiba,0,0,Santos
2023,1005747,Regular Season - 10,2023-06-10T21:30:00+00:00,FT,Bahia,2,2,Cruzeiro
2023,1005742,Regular Season - 10,2023-06-10T21:30:00+00:00,FT,Corinthians,1,1,Cuiaba
2023,1005744,Regular Season - 10,2023-06-10T21:30:00+00:00,FT,Atletico-MG,1,1,RB Bragantino
2023,1005740,Regular Season - 10,2023-06-11T00:00:00+00:00,FT,Botafogo,2,0,Fortaleza EC
2023,1005748,Regular Season - 10,2023-06-11T14:00:00+00:00,FT,America Mineiro,2,2,Atletico Paranaense
2023,1005745,Regular Season - 10,2023-06-11T19:00:00+00:00,FT,Internacional,2,1,Vasco DA Gama
2023,1005741,Regular Season - 10,2023-06-11T19:00:00+00:00,FT,Sao Paulo,0,2,Palmeiras
2023,1005739,Regular Season - 10,2023-06-11T21:30:00+00:00,FT,Flamengo,3,0,Gremio
2023,1005743,Regular Season - 10,2023-06-11T21:30:00+00:00,FT,Goias,2,2,Fluminense
2023,1005751,Regular Season - 11,2023-06-21T22:00:00+00:00,FT,Sao Paulo,2,1,Atletico Paranaense
2023,1005754,Regular Season - 11,2023-06-21T22:00:00+00:00,FT,Cruzeiro,0,1,Fortaleza EC
2023,1005752,Regular Season - 11,2023-06-21T23:00:00+00:00,FT,Santos,0,2,Corinthians
2023,1005757,Regular Season - 11,2023-06-22T00:30:00+00:00,FT,Bahia,1,0,Palmeiras
2023,1005749,Regular Season - 11,2023-06-22T00:30:00+00:00,FT,Fluminense,1,1,Atletico-MG
2023,1005755,Regular Season - 11,2023-06-22T22:00:00+00:00,FT,Gremio,3,1,America Mineiro
2023,1005750,Regular Season - 11,2023-06-22T23:00:00+00:00,FT,Vasco DA Gama,0,1,Goias
2023,1005756,Regular Season - 11,2023-06-22T23:00:00+00:00,FT,Coritiba,0,1,Internacional
2023,1005758,Regular Season - 11,2023-06-22T23:00:00+00:00,FT,Cuiaba,0,1,Botafogo
2023,1005753,Regular Season - 11,2023-06-23T00:30:00+00:00,FT,RB Bragantino,4,0,Flamengo
2023,1005766,Regular Season - 12,2023-06-24T19:00:00+00:00,FT,Atletico Paranaense,1,0,Corinthians
2023,1005759,Regular Season - 12,2023-06-24T21:30:00+00:00,FT,Fluminense,2,1,Bahia
2023,1005767,Regular Season - 12,2023-06-24T21:30:00+00:00,FT,Fortaleza EC,2,1,Atletico-MG
2023,1005764,Regular Season - 12,2023-06-25T00:00:00+00:00,FT,Cruzeiro,1,0,Sao Paulo
2023,1005761,Regular Season - 12,2023-06-25T19:00:00+00:00,FT,Palmeiras,0,1,Botafogo
2023,1005765,Regular Season - 12,2023-06-25T19:00:00+00:00,FT,Gremio,5,1,Coritiba
2023,1005768,Regular Season - 12,2023-06-25T21:30:00+00:00,FT,America Mineiro,1,2,Internacional
2023,1005762,Regular Season - 12,2023-06-25T21:30:00+00:00,FT,Santos,2,3,Flamengo
2023,1005763,Regular Season - 12,2023-06-25T21:30:00+00:00,FT,RB Bragantino,2,0,Goias
2023,1005760,Regular Season - 12,2023-06-27T00:00:00+00:00,FT,Vasco DA Gama,1,0,Cuiaba
2023,1005771,Regular Season - 13,2023-07-01T19:00:00+00:00,FT,Sao Paulo,1,0,Fluminense
2023,1005777,Regular Season - 13,2023-07-01T21:30:00+00:00,FT,Bahia,1,2,Gremio
2023,1005769,Regular Season - 13,2023-07-01T21:30:00+00:00,FT,Flamengo,2,0,Fortaleza EC
2023,1005775,Regular Season - 13,2023-07-02T00:00:00+00:00,FT,Internacional,0,0,Cruzeiro
2023,1005772,Regular Season - 13,2023-07-02T14:00:00+00:00,FT,Corinthians,0,1,RB Bragantino
2023,1005770,Regular Season - 13,2023-07-02T19:00:00+00:00,FT,Botafogo,2,0,Vasco DA Gama
2023,1005776,Regular Season - 13,2023-07-02T19:00:00+00:00,FT,Atletico Paranaense,2,2,Palmeiras
2023,1005774,Regular Season - 13,2023-07-02T19:00:00+00:00,FT,Atletico-MG,2,2,America Mineiro
2023,1005778,Regular Season - 13,2023-07-02T21:30:00+00:00,FT,Cuiaba,3,0,Santos
2023,1005773,Regular Season - 13,2023-07-03T23:00:00+00:00,FT,Goias,1,2,Coritiba
2023,1005780,Regular Season - 14,2023-07-08T19:00:00+00:00,FT,Vasco DA Gama,0,1,Cruzeiro
2023,1005788,Regular Season - 14,2023-07-08T19:00:00+00:00,FT,Cuiaba,1,1,Bahia
2023,1005786,Regular Season - 14,2023-07-08T21:30:00+00:00,FT,Coritiba,3,1,America Mineiro
2023,1005784,Regular Season - 14,2023-07-08T21:30:00+00:00,FT,Atletico-MG,0,1,Corinthians
2023,1005781,Regular Season - 14,2023-07-09T00:00:00+00:00,FT,Palmeiras,1,1,Flamengo
2023,1005782,Regular Season - 14,2023-07-09T14:00:00+00:00,FT,Santos,4,3,Goias
2023,1005779,Regular Season - 14,2023-07-09T19:00:00+00:00,FT,Fluminense,2,0,Internacional
2023,1005783,Regular Season - 14,2023-07-09T19:00:00+00:00,FT,RB Bragantino,0,0,Sao Paulo
2023,1005785,Regular Season - 14,2023-07-09T21:30:00+00:00,FT,Gremio,0,2,Botafogo
2023,1005787,Regular Season - 14,2023-07-09T21:30:00+00:00,FT,Fortaleza EC,1,0,Atletico Paranaense
2023,1005790,Regular Season - 15,2023-07-16T00:00:00+00:00,FT,Botafogo,2,0,RB Bragantino
2023,1005794,Regular Season - 15,2023-07-16T14:00:00+00:00,FT,Cruzeiro,0,0,Coritiba
2023,1005789,Regular Season - 15,2023-07-16T19:00:00+00:00,FT,Fluminense,0,0,Flamengo
2023,1005791,Regular Season - 15,2023-07-16T19:00:00+00:00,FT,Sao Paulo,4,1,Santos
2023,1005797,Regular Season - 15,2023-07-16T19:00:00+00:00,FT,Fortaleza EC,0,1,Cuiaba
2023,1005795,Regular Season - 15,2023-07-16T21:30:00+00:00,FT,Internacional,0,0,Palmeiras
2023,1005796,Regular Season - 15,2023-07-16T21:30:00+00:00,FT,Atletico Paranaense,2,0,Bahia
2023,1005793,Regular Season - 15,2023-07-17T23:00:00+00:00,FT,Goias,0,0,Atletico-MG
2023,1005801,Regular Season - 16,2023-07-22T19:00:00+00:00,FT,Palmeiras,3,1,Fortaleza EC
2023,1005799,Regular Season - 16,2023-07-22T19:00:00+00:00,FT,Flamengo,1,1,America Mineiro
2023,1005807,Regular Season - 16,2023-07-22T21:30:00+00:00,FT,Bahia,0,0,Corinthians
2023,1005808,Regular Season - 16,2023-07-22T21:30:00+00:00,FT,Cuiaba,2,1,Sao Paulo
2023,1005805,Regular Season - 16,2023-07-23T00:00:00+00:00,FT,Gremio,1,0,Atletico-MG
2023,1005802,Regular Season - 16,2023-07-23T19:00:00+00:00,FT,Santos,2,2,Botafogo
2023,1005804,Regular Season - 16,2023-07-23T19:00:00+00:00,FT,Cruzeiro,0,1,Goias
2023,1005803,Regular Season - 16,2023-07-23T19:00:00+00:00,FT,RB Bragantino,0,0,Internacional
2023,1005800,Regular Season - 16,2023-07-23T21:30:00+00:00,FT,Vasco DA Gama,0,2,Atletico Paranaense
2023,1005806,Regular Season - 16,2023-07-24T22:00:00+00:00,FT,Coritiba,2,0,Fluminense
2023,1005815,Regular Season - 17,2023-07-29T19:00:00+00:00,FT,Internacional,1,2,Cuiaba
2023,1005809,Regular Season - 17,2023-07-29T19:00:00+00:00,FT,Fluminense,1,0,Santos
2023,1005816,Regular Season - 17,2023-07-29T19:00:00+00:00,FT,Atletico Paranaense,3,3,Cruzeiro
2023,1005812,Regular Season - 17,2023-07-29T21:30:00+00:00,FT,Corinthians,3,1,Vasco DA Gama
2023,1005817,Regular Season - 17,2023-07-29T21:30:00+00:00,FT,Fortaleza EC,0,3,RB Bragantino
2023,1005814,Regular Season - 17,2023-07-30T00:00:00+00:00,FT,Atletico-MG,1,2,Flamengo
2023,1005811,Regular Season - 17,2023-07-30T14:00:00+00:00,FT,Sao Paulo,0,0,Bahia
2023,1005810,Regular Season - 17,2023-07-30T19:00:00+00:00,FT,Botafogo,4,1,Coritiba
2023,1005818,Regular Season - 17,2023-07-30T19:00:00+00:00,FT,America Mineiro,1,4,Palmeiras
2023,1005813,Regular Season - 17,2023-07-30T21:30:00+00:00,FT,Goias,1,1,Gremio
2023,1005822,Regular Season - 18,2023-08-05T19:00:00+00:00,FT,Santos,1,1,Atletico Paranaense
2023,1005825,Regular Season - 18,2023-08-05T21:30:00+00:00,FT,Internacional,2,2,Corinthians
2023,1005823,Regular Season - 18,2023-08-05T21:30:00+00:00,FT,Goias,1,0,Fortaleza EC
2023,1005819,Regular Season - 18,2023-08-06T00:00:00+00:00,FT,Fluminense,2,1,Palmeiras
2023,1005821,Regular Season - 18,2023-08-06T19:00:00+00:00,FT,Sao Paulo,0,2,Atletico-MG
2023,1005820,Regular Season - 18,2023-08-06T19:00:00+00:00,FT,Vasco DA Gama,1,0,Gremio
2023,1005827,Regular Season - 18,2023-08-06T21:30:00+00:00,FT,Bahia,3,1,America Mineiro
2023,1005824,Regular Season - 18,2023-08-06T21:30:00+00:00,FT,Cruzeiro,0,0,Botafogo
2023,1005826,Regular Season - 18,2023-08-06T21:30:00+00:00,FT,Coritiba,0,1,RB Bragantino
2023,1005828,Regular Season - 18,2023-08-06T23:00:00+00:00,FT,Cuiaba,3,0,Flamengo
2023,1005830,Regular Season - 19,2023-08-13T00:00:00+00:00,FT,Botafogo,3,1,Internacional
2023,1005834,Regular Season - 19,2023-08-13T14:00:00+00:00,FT,Atletico-MG,1,0,Bahia
2023,1005838,Regular Season - 19,2023-08-13T19:00:00+00:00,FT,America Mineiro,0,1,Goias
2023,1005835,Regular Season - 19,2023-08-13T19:00:00+00:00,FT,Gremio,2,1,Fluminense
2023,1005832,Regular Season - 19,2023-08-13T19:00:00+00:00,FT,Corinthians,3,1,Coritiba
2023,1005829,Regular Season - 19,2023-08-13T21:30:00+00:00,FT,Flamengo,1,1,Sao Paulo
2023,1005837,Regular Season - 19,2023-08-13T21:30:00+00:00,FT,Fortaleza EC,4,0,Santos
2023,1005831,Regular Season - 19,2023-08-14T22:00:00+00:00,FT,Palmeiras,1,0,Cruzeiro
2023,1005833,Regular Season - 19,2023-08-15T00:00:00+00:00,FT,RB Bragantino,1,1,Vasco DA Gama
2023,1005836,Regular Season - 19,2023-08-15T23:00:00+00:00,FT,Atletico Paranaense,2,0,Cuiaba
2023,1005845,Regular Season - 20,2023-08-19T19:00:00+00:00,FT,Internacional,0,1,Fortaleza EC
2023,1005841,Regular Season - 20,2023-08-19T19:00:00+00:00,FT,Sao Paulo,0,0,Botafogo
2023,1005839,Regular Season - 20,2023-08-19T21:30:00+00:00,FT,Fluminense,3,1,America Mineiro
2023,1005848,Regular Season - 20,2023-08-19T21:30:00+00:00,FT,Cuiaba,0,2,Palmeiras
2023,1005844,Regular Season - 20,2023-08-20T00:00:00+00:00,FT,Cruzeiro,1,1,Corinthians
2023,1005840,Regular Season - 20,2023-08-20T14:00:00+00:00,FT,Vasco DA Gama,1,0,Atletico-MG
2023,1005847,Regular Season - 20,2023-08-20T19:00:00+00:00,FT,Bahia,4,0,RB Bragantino
2023,1005842,Regular Season - 20,2023-08-20T19:00:00+00:00,FT,Santos,2,1,Gremio
2023,1005846,Regular Season - 20,2023-08-20T19:00:00+00:00,FT,Coritiba,2,3,Flamengo
2023,1005843,Regular Season - 20,2023-08-21T23:00:00+00:00,FT,Goias,1,1,Atletico Paranaense
2023,1005849,Regular Season - 21,2023-08-26T21:30:00+00:00,FT,Flamengo,0,0,Internacional
2023,1005852,Regular Season - 21,2023-08-27T00:00:00+00:00,FT,Corinthians,1,1,Goias
2023,1005853,Regular Season - 21,2023-08-27T14:00:00+00:00,FT,RB Bragantino,2,0,Cuiaba
2023,1005850,Regular Season - 21,2023-08-27T19:00:00+00:00,FT,Botafogo,3,0,Bahia
2023,1005858,Regular Season - 21,2023-08-27T19:00:00+00:00,FT,America Mineiro,2,1,Sao Paulo
2023,1005854,Regular Season - 21,2023-08-27T19:00:00+00:00,FT,Atletico-MG,2,0,Santos
2023,1005851,Regular Season - 21,2023-08-27T21:30:00+00:00,FT,Palmeiras,1,0,Vasco DA Gama
2023,1005856,Regular Season - 21,2023-08-27T21:30:00+00:00,FT,Atletico Paranaense,2,2,Fluminense
2023,1005857,Regular Season - 21,2023-08-27T21:30:00+00:00,FT,Fortaleza EC,3,1,Coritiba
2023,1005855,Regular Season - 21,2023-08-27T22:00:00+00:00,FT,Gremio,3,0,Cruzeiro
2023,1005866,Regular Season - 22,2023-09-02T19:00:00+00:00,FT,Atletico Paranaense,1,1,Atletico-MG
2023,1005863,Regular Season - 22,2023-09-02T19:00:00+00:00,FT,Goias,0,0,Internacional
2023,1005860,Regular Season - 22,2023-09-03T00:00:00+00:00,FT,Botafogo,1,2,Flamengo
2023,1005865,Regular Season - 22,2023-09-03T14:00:00+00:00,FT,Gremio,2,0,Cuiaba
2023,1005859,Regular Season - 22,2023-09-03T19:00:00+00:00,FT,Fluminense,1,0,Fortaleza EC
2023,1005862,Regular Season - 22,2023-09-03T19:00:00+00:00,FT,Corinthians,0,0,Palmeiras
2023,1005867,Regular Season - 22,2023-09-03T21:30:00+00:00,FT,Bahia,1,1,Vasco DA Gama
2023,1005868,Regular Season - 22,2023-09-03T21:30:00+00:00,FT,America Mineiro,2,0,Santos
2023,1005864,Regular Season - 22,2023-09-03T21:30:00+00:00,FT,Cruzeiro,0,0,RB Bragantino
2023,1005875,Regular Season - 23,2023-09-14T00:30:00+00:00,FT,Internacional,2,1,Sao Paulo
2023,1005869,Regular Season - 23,2023-09-14T00:30:00+00:00,FT,Flamengo,0,3,Atletico Paranaense
2023,1005872,Regular Season - 23,2023-09-14T22:00:00+00:00,FT,Santos,0,3,Cruzeiro
2023,1005877,Regular Season - 23,2023-09-14T22:00:00+00:00,FT,Fortaleza EC,2,1,Corinthians
2023,1005876,Regular Season - 23,2023-09-14T23:00:00+00:00,FT,Coritiba,2,4,Bahia
2023,1005873,Regular Season - 23,2023-09-15T00:30:00+00:00,FT,RB Bragantino,2,0,Gremio
2023,1005878,Regular Season - 23,2023-09-15T23:00:00+00:00,FT,Cuiaba,2,2,America Mineiro
2023,1005871,Regular Season - 23,2023-09-16T00:30:00+00:00,FT,Palmeiras,1,0,Goias
2023,1005870,Regular Season - 23,2023-09-16T19:00:00+00:00,FT,Vasco DA Gama,4,2,Fluminense
2023,1005874,Regular Season - 23,2023-09-17T00:00:00+00:00,FT,Atletico-MG,1,0,Botafogo
2023,1005887,Regular Season - 24,2023-09-18T23:00:00+00:00,FT,Bahia,1,2,Santos
2023,1005792,Regular Season - 15,2023-09-19T00:00:00+00:00,FT,Corinthians,4,4,Gremio
2023,1005888,Regular Season - 24,2023-09-20T00:30:00+00:00,FT,America Mineiro,0,2,RB Bragantino
2023,1005883,Regular Season - 24,2023-09-20T22:00:00+00:00,FT,Goias,0,0,Flamengo
2023,1005879,Regular Season - 24,2023-09-21T00:30:00+00:00,FT,Fluminense,1,0,Cruzeiro
2023,1005881,Regular Season - 24,2023-09-21T00:30:00+00:00,FT,Sao Paulo,1,2,Fortaleza EC
2023,1005880,Regular Season - 24,2023-09-21T22:00:00+00:00,FT,Vasco DA Gama,5,1,Coritiba
2023,1005886,Regular Season - 24,2023-09-21T22:30:00+00:00,FT,Atletico Paranaense,2,1,Internacional
2023,1005885,Regular Season - 24,2023-09-22T00:30:00+00:00,FT,Gremio,1,0,Palmeiras
2023,1005882,Regular Season - 24,2023-09-22T23:00:00+00:00,FT,Corinthians,1,0,Botafogo
2023,1005884,Regular Season - 24,2023-09-24T00:00:00+00:00,FT,Atletico-MG,1,0,Cuiaba
2023,1005798,Regular Season - 15,2023-09-25T23:00:00+00:00,FT,America Mineiro,0,1,Vasco DA Gama
2023,1005861,Regular Season - 22,2023-09-27T22:00:00+00:00,FT,Sao Paulo,2,1,Coritiba
2023,1005889,Regular Season - 25,2023-09-30T19:00:00+00:00,FT,Flamengo,1,0,Bahia
2023,1005897,Regular Season - 25,2023-09-30T19:00:00+00:00,FT,Fortaleza EC,1,1,Gremio
2023,1005891,Regular Season - 25,2023-09-30T21:30:00+00:00,FT,Sao Paulo,2,1,Corinthians
2023,1005898,Regular Season - 25,2023-09-30T21:30:00+00:00,FT,Cuiaba,3,0,Fluminense
2023,1005895,Regular Season - 25,2023-10-01T00:00:00+00:00,FT,Internacional,0,2,Atletico-MG
2023,1005892,Regular Season - 25,2023-10-01T19:00:00+00:00,FT,Santos,4,1,Vasco DA Gama
2023,1005894,Regular Season - 25,2023-10-01T19:00:00+00:00,FT,Cruzeiro,1,1,America Mineiro
2023,1005896,Regular Season - 25,2023-10-01T19:00:00+00:00,FT,Coritiba,2,0,Atletico Paranaense
2023,1005893,Regular Season - 25,2023-10-01T21:30:00+00:00,FT,RB Bragantino,2,1,Palmeiras
2023,1005890,Regular Season - 25,2023-10-02T23:00:00+00:00,FT,Botafogo,1,1,Goias
2023,1005903,Regular Season - 26,2023-10-07T19:00:00+00:00,FT,Goias,4,6,Bahia
2023,1005900,Regular Season - 26,2023-10-07T21:30:00+00:00,FT,Vasco DA Gama,0,0,Sao Paulo
2023,1005902,Regular Season - 26,2023-10-08T00:00:00+00:00,FT,Corinthians,1,1,Flamengo
2023,1005905,Regular Season - 26,2023-10-08T19:00:00+00:00,FT,Internacional,3,2,Gremio
2023,1005901,Regular Season - 26,2023-10-08T19:00:00+00:00,FT,Palmeiras,1,2,Santos
2023,1005899,Regular Season - 26,2023-10-08T19:00:00+00:00,FT,Fluminense,0,2,Botafogo
2023,1005906,Regular Season - 26,2023-10-08T21:30:00+00:00,FT,Atletico Paranaense,1,1,RB Bragantino
2023,1005907,Regular Season - 26,2023-10-08T21:30:00+00:00,FT,Fortaleza EC,3,2,America Mineiro
2023,1005904,Regular Season - 26,2023-10-08T21:30:00+00:00,FT,Atletico-MG,1,2,Coritiba
2023,1005908,Regular Season - 26,2023-10-15T00:00:00+00:00,FT,Cuiaba,0,0,Cruzeiro
2023,1005915,Regular Season - 27,2023-10-18T22:00:00+00:00,FT,Gremio,1,2,Atletico Paranaense
2023,1005918,Regular Season - 27,2023-10-18T23:00:00+00:00,FT,America Mineiro,1,2,Botafogo
2023,1005916,Regular Season - 27,2023-10-18T23:00:00+00:00,FT,Coritiba,0,3,Cuiaba
2023,1005917,Regular Season - 27,2023-10-19T00:30:00+00:00,FT,Bahia,1,0,Internacional
2023,1005910,Regular Season - 27,2023-10-19T00:30:00+00:00,FT,Vasco DA Gama,1,0,Fortaleza EC
2023,1005913,Regular Season - 27,2023-10-19T00:30:00+00:00,FT,Goias,2,0,Sao Paulo
2023,1005911,Regular Season - 27,2023-10-19T22:00:00+00:00,FT,Palmeiras,0,2,Atletico-MG
2023,1005914,Regular Season - 27,2023-10-19T22:00:00+00:00,FT,Cruzeiro,0,2,Flamengo
2023,1005912,Regular Season - 27,2023-10-19T23:00:00+00:00,FT,Santos,1,3,RB Bragantino
2023,1005909,Regular Season - 27,2023-10-20T00:30:00+00:00,FT,Fluminense,3,3,Corinthians
2023,1005927,Regular Season - 28,2023-10-21T21:30:00+00:00,FT,Bahia,2,0,Fortaleza EC
2023,1005921,Regular Season - 28,2023-10-21T21:30:00+00:00,FT,Sao Paulo,3,0,Gremio
2023,1005928,Regular Season - 28,2023-10-21T21:30:00+00:00,FT,Cuiaba,1,1,Goias
2023,1005920,Regular Season - 28,2023-10-22T00:00:00+00:00,FT,Botafogo,1,1,Atletico Paranaense
2023,1005925,Regular Season - 28,2023-10-22T19:00:00+00:00,FT,Internacional,7,1,Santos
2023,1005919,Regular Season - 28,2023-10-22T19:00:00+00:00,FT,Flamengo,1,0,Vasco DA Gama
2023,1005924,Regular Season - 28,2023-10-22T19:00:00+00:00,FT,Atletico-MG,0,1,Cruzeiro
2023,1005922,Regular Season - 28,2023-10-22T21:30:00+00:00,FT,Corinthians,1,1,America Mineiro
2023,1005926,Regular Season - 28,2023-10-22T21:30:00+00:00,FT,Coritiba,0,2,Palmeiras
2023,1005923,Regular Season - 28,2023-10-22T21:30:00+00:00,FT,RB Bragantino,1,0,Fluminense
2023,1005931,Regular Season - 29,2023-10-25T23:00:00+00:00,FT,Palmeiras,5,0,Sao Paulo
2023,1005934,Regular Season - 29,2023-10-25T23:00:00+00:00,FT,Cruzeiro,3,0,Bahia
2023,1005935,Regular Season - 29,2023-10-26T00:30:00+00:00,FT,Gremio,3,2,Flamengo
2023,1005938,Regular Season - 29,2023-10-26T00:30:00+00:00,FT,Cuiaba,0,1,Corinthians
2023,1005929,Regular Season - 29,2023-10-26T22:00:00+00:00,FT,Fluminense,5,3,Goias
2023,1005936,Regular Season - 29,2023-10-26T22:00:00+00:00,FT,Atletico Paranaense,3,2,America Mineiro
2023,1005933,Regular Season - 29,2023-10-26T22:00:00+00:00,FT,RB Bragantino,1,2,Atletico-MG
2023,1005932,Regular Season - 29,2023-10-27T00:30:00+00:00,FT,Santos,2,1,Coritiba
2023,1005930,Regular Season - 29,2023-10-27T22:00:00+00:00,FT,Vasco DA Gama,1,2,Internacional
2023,1005941,Regular Season - 30,2023-10-28T23:00:00+00:00,FT,Palmeiras,1,0,Bahia
2023,1005948,Regular Season - 30,2023-10-28T23:00:00+00:00,FT,America Mineiro,3,4,Gremio
2023,1005944,Regular Season - 30,2023-10-29T01:00:00+00:00,FT,Atletico-MG,2,0,Fluminense
2023,1005946,Regular Season - 30,2023-10-29T19:00:00+00:00,FT,Atletico Paranaense,1,1,Sao Paulo
2023,1005943,Regular Season - 30,2023-10-29T19:00:00+00:00,FT,Goias,1,1,Vasco DA Gama
2023,1005945,Regular Season - 30,2023-10-29T21:30:00+00:00,FT,Internacional,3,4,Coritiba
2023,1005942,Regular Season - 30,2023-10-29T21:30:00+00:00,FT,Corinthians,1,1,Santos
2023,1005940,Regular Season - 30,2023-10-29T23:00:00+00:00,FT,Botafogo,0,1,Cuiaba
2023,1005957,Regular Season - 31,2023-10-31T22:00:00+00:00,FT,Bahia,1,0,Fluminense
2023,1005955,Regular Season - 31,2023-11-01T22:00:00+00:00,FT,Internacional,1,1,America Mineiro
2023,1005952,Regular Season - 31,2023-11-01T22:00:00+00:00,FT,Corinthians,1,0,Atletico Paranaense
2023,1005949,Regular Season - 31,2023-11-01T23:00:00+00:00,FT,Flamengo,1,2,Santos
2023,1005956,Regular Season - 31,2023-11-01T23:00:00+00:00,FT,Coritiba,1,2,Gremio
2023,1005950,Regular Season - 31,2023-11-02T00:30:00+00:00,FT,Botafogo,3,4,Palmeiras
2023,1005954,Regular Season - 31,2023-11-02T00:30:00+00:00,FT,Atletico-MG,3,1,Fortaleza EC
2023,1005958,Regular Season - 31,2023-11-02T20:00:00+00:00,FT,Cuiaba,0,2,Vasco DA Gama
2023,1005953,Regular Season - 31,2023-11-02T21:00:00+00:00,FT,Goias,0,2,RB Bragantino
2023,1005951,Regular Season - 31,2023-11-02T23:00:00+00:00,FT,Sao Paulo,1,0,Cruzeiro
2023,1005968,Regular Season - 32,2023-11-04T22:30:00+00:00,FT,America Mineiro,1,1,Atletico-MG
2023,1005965,Regular Season - 32,2023-11-04T22:30:00+00:00,FT,Gremio,1,0,Bahia
2023,1005961,Regular Season - 32,2023-11-05T00:30:00+00:00,FT,Palmeiras,1,0,Atletico Paranaense
2023,1005964,Regular Season - 32,2023-11-05T19:00:00+00:00,FT,Cruzeiro,1,2,Internacional
2023,1005967,Regular Season - 32,2023-11-05T19:00:00+00:00,FT,Fortaleza EC,0,2,Flamengo
2023,1005963,Regular Season - 32,2023-11-05T19:00:00+00:00,FT,RB Bragantino,1,0,Corinthians
2023,1005966,Regular Season - 32,2023-11-05T21:30:00+00:00,FT,Coritiba,0,1,Goias
2023,1005960,Regular Season - 32,2023-11-06T22:00:00+00:00,FT,Vasco DA Gama,1,0,Botafogo
2023,1005962,Regular Season - 32,2023-11-07T00:00:00+00:00,FT,Santos,0,0,Cuiaba
2023,1005975,Regular Season - 33,2023-11-08T22:00:00+00:00,FT,Internacional,0,0,Fluminense
2023,1005978,Regular Season - 33,2023-11-08T22:00:00+00:00,FT,America Mineiro,0,3,Coritiba
2023,1005971,Regular Season - 33,2023-11-08T23:00:00+00:00,FT,Sao Paulo,1,0,RB Bragantino
2023,1005976,Regular Season - 33,2023-11-08T23:00:00+00:00,FT,Atletico Paranaense,1,1,Fortaleza EC
2023,1005969,Regular Season - 33,2023-11-09T00:30:00+00:00,FT,Flamengo,3,0,Palmeiras
2023,1005972,Regular Season - 33,2023-11-09T22:00:00+00:00,FT,Corinthians,1,1,Atletico-MG
2023,1005973,Regular Season - 33,2023-11-09T22:00:00+00:00,FT,Goias,0,1,Santos
2023,1005977,Regular Season - 33,2023-11-09T23:00:00+00:00,FT,Bahia,0,3,Cuiaba
2023,1005970,Regular Season - 33,2023-11-09T23:00:00+00:00,FT,Botafogo,3,4,Gremio
2023,1005986,Regular Season - 34,2023-11-11T19:00:00+00:00,FT,Coritiba,1,0,Cruzeiro
2023,1005979,Regular Season - 34,2023-11-11T21:30:00+00:00,FT,Flamengo,1,1,Fluminense
2023,1005981,Regular Season - 34,2023-11-12T00:00:00+00:00,FT,Palmeiras,3,0,Internacional
2023,1005985,Regular Season - 34,2023-11-12T19:00:00+00:00,FT,Gremio,0,1,Corinthians
2023,1005983,Regular Season - 34,2023-11-12T19:00:00+00:00,FT,RB Bragantino,2,2,Botafogo
2023,1005987,Regular Season - 34,2023-11-12T21:30:00+00:00,FT,Bahia,1,1,Atletico Paranaense
2023,1005982,Regular Season - 34,2023-11-12T21:30:00+00:00,FT,Santos,0,0,Sao Paulo
2023,1005980,Regular Season - 34,2023-11-12T21:30:00+00:00,FT,Vasco DA Gama,2,1,America Mineiro
2023,1005984,Regular Season - 34,2023-11-12T21:30:00+00:00,FT,Atletico-MG,2,1,Goias
2023,1005988,Regular Season - 34,2023-11-12T21:30:00+00:00,FT,Cuiaba,2,1,Fortaleza EC
2023,1005947,Regular Season - 30,2023-11-18T21:30:00+00:00,FT,Fortaleza EC,0,1,Cruzeiro
2023,1005974,Regular Season - 33,2023-11-22T22:00:00+00:00,FT,Cruzeiro,2,2,Vasco DA Gama
2023,1005959,Regular Season - 32,2023-11-23T00:30:00+00:00,FT,Fluminense,1,0,Sao Paulo
2023,1005937,Regular Season - 29,2023-11-23T22:00:00+00:00,FT,Fortaleza EC,2,2,Botafogo
2023,1005939,Regular Season - 30,2023-11-24T00:30:00+00:00,FT,Flamengo,1,0,RB Bragantino
2023,1005992,Regular Season - 35,2023-11-25T00:00:00+00:00,FT,Corinthians,1,5,Bahia
2023,1005996,Regular Season - 35,2023-11-25T22:30:00+00:00,FT,Atletico Paranaense,0,0,Vasco DA Gama
2023,1005989,Regular Season - 35,2023-11-26T00:00:00+00:00,FT,Fluminense,2,1,Coritiba
2023,1005990,Regular Season - 35,2023-11-26T19:00:00+00:00,FT,Botafogo,1,1,Santos
2023,1005994,Regular Season - 35,2023-11-26T19:00:00+00:00,FT,Atletico-MG,3,0,Gremio
2023,1005995,Regular Season - 35,2023-11-26T21:30:00+00:00,FT,Internacional,1,0,RB Bragantino
2023,1005998,Regular Season - 35,2023-11-26T21:30:00+00:00,FT,America Mineiro,0,3,Flamengo
2023,1005991,Regular Season - 35,2023-11-26T21:30:00+00:00,FT,Sao Paulo,0,0,Cuiaba
2023,1005997,Regular Season - 35,2023-11-26T21:30:00+00:00,FT,Fortaleza EC,2,2,Palmeiras
2023,1005993,Regular Season - 35,2023-11-28T00:00:00+00:00,FT,Goias,0,1,Cruzeiro
2023,1006000,Regular Season - 36,2023-11-29T00:30:00+00:00,FT,Vasco DA Gama,2,4,Corinthians
2023,1006002,Regular Season - 36,2023-11-29T22:00:00+00:00,FT,Santos,0,3,Fluminense
2023,1005999,Regular Season - 36,2023-11-29T22:30:00+00:00,FT,Flamengo,0,3,Atletico-MG
2023,1006007,Regular Season - 36,2023-11-29T23:00:00+00:00,FT,Bahia,0,1,Sao Paulo
2023,1006008,Regular Season - 36,2023-11-29T23:00:00+00:00,FT,Cuiaba,0,2,Internacional
2023,1006001,Regular Season - 36,2023-11-30T00:30:00+00:00,FT,Palmeiras,4,0,America Mineiro
2023,1006006,Regular Season - 36,2023-11-30T00:30:00+00:00,FT,Coritiba,1,1,Botafogo
2023,1006005,Regular Season - 36,2023-11-30T22:00:00+00:00,FT,Gremio,2,1,Goias
2023,1006004,Regular Season - 36,2023-11-30T23:00:00+00:00,FT,Cruzeiro,1,1,Atletico Paranaense
2023,1006003,Regular Season - 36,2023-11-30T23:30:00+00:00,FT,RB Bragantino,1,2,Fortaleza EC
2023,1006012,Regular Season - 37,2023-12-02T21:00:00+00:00,FT,Corinthians,1,2,Internacional
2023,1006014,Regular Season - 37,2023-12-03T00:00:00+00:00,FT,Atletico-MG,2,1,Sao Paulo
2023,1006011,Regular Season - 37,2023-12-03T19:00:00+00:00,FT,Palmeiras,1,0,Fluminense
2023,1006009,Regular Season - 37,2023-12-03T19:00:00+00:00,FT,Flamengo,2,1,Cuiaba
2023,1006010,Regular Season - 37,2023-12-03T21:30:00+00:00,FT,Botafogo,0,0,Cruzeiro
2023,1006018,Regular Season - 37,2023-12-03T21:30:00+00:00,FT,America Mineiro,3,2,Bahia
2023,1006015,Regular Season - 37,2023-12-03T21:30:00+00:00,FT,Gremio,1,0,Vasco DA Gama
2023,1006016,Regular Season - 37,2023-12-03T21:30:00+00:00,FT,Atletico Paranaense,3,0,Santos
2023,1006017,Regular Season - 37,2023-12-03T21:30:00+00:00,FT,Fortaleza EC,1,0,Goias
2023,1006013,Regular Season - 37,2023-12-03T21:30:00+00:00,FT,RB Bragantino,1,0,Coritiba
2023,1006023,Regular Season - 38,2023-12-06T22:00:00+00:00,FT,Goias,1,0,America Mineiro
2023,1006027,Regular Season - 38,2023-12-07T00:30:00+00:00,FT,Bahia,4,1,Atletico-MG
2023,1006025,Regular Season - 38,2023-12-07T00:30:00+00:00,FT,Internacional,3,1,Botafogo
2023,1006019,Regular Season - 38,2023-12-07T00:30:00+00:00,FT,Fluminense,2,3,Gremio
2023,1006021,Regular Season - 38,2023-12-07T00:30:00+00:00,FT,Sao Paulo,1,0,Flamengo
2023,1006022,Regular Season - 38,2023-12-07T00:30:00+00:00,FT,Santos,1,2,Fortaleza EC
2023,1006020,Regular Season - 38,2023-12-07T00:30:00+00:00,FT,Vasco DA Gama,2,1,RB Bragantino
2023,1006024,Regular Season - 38,2023-12-07T00:30:00+00:00,FT,Cruzeiro,1,1,Palmeiras
2023,1006026,Regular Season - 38,2023-12-07T00:30:00+00:00,FT,Coritiba,0,2,Corinthians
2023,1006028,Regular Season - 38,2023-12-07T00:30:00+00:00,FT,Cuiaba,3,0,Atletico Paranaense
2024,1180355,Regular Season - 1,2024-04-13T21:30:00+00:00,FT,Internacional,2,1,Bahia
2024,1180364,Regular Season - 1,2024-04-13T21:30:00+00:00,FT,Criciuma,1,1,Juventude
2024,1180358,Regular Season - 1,2024-04-14T00:00:00+00:00,FT,Fluminense,2,2,RB Bragantino
2024,1180361,Regular Season - 1,2024-04-14T00:00:00+00:00,FT,Sao Paulo,1,2,Fortaleza EC
2024,1180360,Regular Season - 1,2024-04-14T19:00:00+00:00,FT,Corinthians,0,0,Atletico-MG
2024,1180359,Regular Season - 1,2024-04-14T19:00:00+00:00,FT,Vasco DA Gama,2,1,Gremio
2024,1180362,Regular Season - 1,2024-04-14T19:00:00+00:00,FT,Atletico Paranaense,4,0,Cuiaba
2024,1180363,Regular Season - 1,2024-04-14T19:00:00+00:00,FT,Atletico Goianiense,1,2,Flamengo
2024,1180356,Regular Season - 1,2024-04-14T20:00:00+00:00,FT,Cruzeiro,3,2,Botafogo
2024,1180357,Regular Season - 1,2024-04-14T21:30:00+00:00,FT,Vitoria,0,1,Palmeiras
2024,1180367,Regular Season - 2,2024-04-17T00:30:00+00:00,FT,Bahia,2,1,Fluminense
2024,1180365,Regular Season - 2,2024-04-17T22:00:00+00:00,FT,Gremio,2,0,Atletico Paranaense
2024,1180371,Regular Season - 2,2024-04-17T22:00:00+00:00,FT,RB Bragantino,2,1,Vasco DA Gama
2024,1180370,Regular Season - 2,2024-04-17T23:00:00+00:00,FT,Palmeiras,0,1,Internacional
2024,1180374,Regular Season - 2,2024-04-17T23:00:00+00:00,FT,Juventude,2,0,Corinthians
2024,1180372,Regular Season - 2,2024-04-17T23:00:00+00:00,FT,Fortaleza EC,1,1,Cruzeiro
2024,1180366,Regular Season - 2,2024-04-17T23:00:00+00:00,FT,Atletico-MG,1,1,Criciuma
2024,1180368,Regular Season - 2,2024-04-18T00:30:00+00:00,FT,Flamengo,2,1,Sao Paulo
2024,1180369,Regular Season - 2,2024-04-19T00:30:00+00:00,FT,Botafogo,1,0,Atletico Goianiense
2024,1180378,Regular Season - 3,2024-04-20T19:00:00+00:00,FT,Fluminense,2,1,Vasco DA Gama
2024,1180375,Regular Season - 3,2024-04-20T21:30:00+00:00,FT,Gremio,1,0,Cuiaba
2024,1180381,Regular Season - 3,2024-04-20T21:30:00+00:00,FT,RB Bragantino,1,0,Corinthians
2024,1180376,Regular Season - 3,2024-04-21T00:00:00+00:00,FT,Atletico-MG,3,0,Cruzeiro
2024,1180380,Regular Season - 3,2024-04-21T19:00:00+00:00,FT,Palmeiras,0,0,Flamengo
2024,1180382,Regular Season - 3,2024-04-21T19:00:00+00:00,FT,Atletico Paranaense,1,0,Internacional
2024,1180377,Regular Season - 3,2024-04-21T19:00:00+00:00,FT,Vitoria,2,2,Bahia
2024,1180379,Regular Season - 3,2024-04-21T21:30:00+00:00,FT,Botafogo,5,1,Juventude
2024,1180383,Regular Season - 3,2024-04-21T21:30:00+00:00,FT,Atletico Goianiense,0,3,Sao Paulo
2024,1180389,Regular Season - 4,2024-04-27T19:00:00+00:00,FT,Vasco DA Gama,0,4,Criciuma
2024,1180393,Regular Season - 4,2024-04-27T21:30:00+00:00,FT,Cuiaba,0,3,Atletico-MG
2024,1180387,Regular Season - 4,2024-04-28T00:00:00+00:00,FT,Bahia,1,0,Gremio
2024,1180388,Regular Season - 4,2024-04-28T14:00:00+00:00,FT,Flamengo,0,2,Botafogo
2024,1180390,Regular Season - 4,2024-04-28T19:00:00+00:00,FT,Corinthians,3,0,Fluminense
2024,1180386,Regular Season - 4,2024-04-28T19:00:00+00:00,FT,Cruzeiro,3,1,Vitoria
2024,1180394,Regular Season - 4,2024-04-28T21:30:00+00:00,FT,Juventude,1,1,Atletico Paranaense
2024,1180392,Regular Season - 4,2024-04-28T21:30:00+00:00,FT,Fortaleza EC,1,1,RB Bragantino
2024,1180385,Regular Season - 4,2024-04-28T23:00:00+00:00,FT,Internacional,1,1,Atletico Goianiense
2024,1180391,Regular Season - 4,2024-04-29T23:00:00+00:00,FT,Sao Paulo,0,0,Palmeiras
2024,1180398,Regular Season - 5,2024-05-04T19:00:00+00:00,FT,Fluminense,2,2,Atletico-MG
2024,1180401,Regular Season - 5,2024-05-04T21:30:00+00:00,FT,RB Bragantino,1,1,Flamengo
2024,1180400,Regular Season - 5,2024-05-05T00:00:00+00:00,FT,Corinthians,0,0,Fortaleza EC
2024,1180402,Regular Season - 5,2024-05-05T19:00:00+00:00,FT,Atletico Paranaense,1,0,Vasco DA Gama
2024,1180397,Regular Season - 5,2024-05-05T19:00:00+00:00,FT,Vitoria,1,3,Sao Paulo
2024,1180399,Regular Season - 5,2024-05-05T21:30:00+00:00,FT,Botafogo,1,2,Bahia
2024,1180403,Regular Season - 5,2024-05-05T21:30:00+00:00,FT,Cuiaba,0,2,Palmeiras
2024,1180408,Regular Season - 6,2024-05-11T19:00:00+00:00,FT,Flamengo,2,0,Corinthians
2024,1180410,Regular Season - 6,2024-05-12T19:00:00+00:00,FT,Palmeiras,0,2,Atletico Paranaense
2024,1180413,Regular Season - 6,2024-05-12T19:00:00+00:00,FT,Atletico Goianiense,0,1,Cruzeiro
2024,1180412,Regular Season - 6,2024-05-12T19:00:00+00:00,FT,Fortaleza EC,1,1,Botafogo
2024,1180407,Regular Season - 6,2024-05-12T21:30:00+00:00,FT,Bahia,1,0,RB Bragantino
2024,1180409,Regular Season - 6,2024-05-12T21:30:00+00:00,FT,Vasco DA Gama,2,1,Vitoria
2024,1180411,Regular Season - 6,2024-05-13T23:00:00+00:00,FT,Sao Paulo,2,1,Fluminense
2024,1180415,Regular Season - 7,2024-06-01T19:00:00+00:00,FT,Gremio,0,2,RB Bragantino
2024,1180417,Regular Season - 7,2024-06-01T19:00:00+00:00,FT,Vitoria,0,2,Atletico Goianiense
2024,1180418,Regular Season - 7,2024-06-01T21:30:00+00:00,FT,Fluminense,1,1,Juventude
2024,1180423,Regular Season - 7,2024-06-01T21:30:00+00:00,FT,Cuiaba,0,1,Internacional
2024,1180420,Regular Season - 7,2024-06-02T00:00:00+00:00,FT,Corinthians,0,1,Botafogo
2024,1180419,Regular Season - 7,2024-06-02T19:00:00+00:00,FT,Vasco DA Gama,1,6,Flamengo
2024,1180424,Regular Season - 7,2024-06-02T19:00:00+00:00,FT,Criciuma,1,2,Palmeiras
2024,1180416,Regular Season - 7,2024-06-02T19:00:00+00:00,FT,Atletico-MG,1,1,Bahia
2024,1180421,Regular Season - 7,2024-06-02T21:30:00+00:00,FT,Sao Paulo,2,0,Cruzeiro
2024,1180422,Regular Season - 7,2024-06-02T21:30:00+00:00,FT,Fortaleza EC,1,0,Atletico Paranaense
2024,1180404,Regular Season - 5,2024-06-05T22:00:00+00:00,FT,Juventude,1,0,Atletico Goianiense
2024,1180373,Regular Season - 2,2024-06-05T23:00:00+00:00,FT,Cuiaba,0,0,Vitoria
2024,1180414,Regular Season - 6,2024-06-09T19:00:00+00:00,FT,Criciuma,2,5,Cuiaba
2024,1180433,Regular Season - 8,2024-06-11T22:00:00+00:00,FT,Atletico Goianiense,2,2,Corinthians
2024,1180434,Regular Season - 8,2024-06-11T22:00:00+00:00,FT,Juventude,1,1,Vitoria
2024,1180429,Regular Season - 8,2024-06-11T23:00:00+00:00,FT,Botafogo,1,0,Fluminense
2024,1180431,Regular Season - 8,2024-06-12T00:30:00+00:00,FT,RB Bragantino,1,2,Atletico-MG
2024,1180426,Regular Season - 8,2024-06-13T22:00:00+00:00,FT,Cruzeiro,2,1,Cuiaba
2024,1180425,Regular Season - 8,2024-06-13T23:00:00+00:00,FT,Internacional,0,0,Sao Paulo
2024,1180428,Regular Season - 8,2024-06-13T23:00:00+00:00,FT,Flamengo,2,1,Gremio
2024,1180432,Regular Season - 8,2024-06-13T23:00:00+00:00,FT,Atletico Paranaense,3,1,Criciuma
2024,1180427,Regular Season - 8,2024-06-14T00:30:00+00:00,FT,Bahia,1,0,Fortaleza EC
2024,1180430,Regular Season - 8,2024-06-14T00:30:00+00:00,FT,Palmeiras,2,0,Vasco DA Gama
2024,1180441,Regular Season - 9,2024-06-15T21:30:00+00:00,FT,RB Bragantino,2,1,Juventude
2024,1180438,Regular Season - 9,2024-06-16T00:00:00+00:00,FT,Fluminense,1,2,Atletico Goianiense
2024,1180440,Regular Season - 9,2024-06-16T19:00:00+00:00,FT,Corinthians,2,2,Sao Paulo
2024,1180442,Regular Season - 9,2024-06-16T19:00:00+00:00,FT,Atletico Paranaense,1,1,Flamengo
2024,1180437,Regular Season - 9,2024-06-16T19:00:00+00:00,FT,Vitoria,2,1,Internacional
2024,1180435,Regular Season - 9,2024-06-16T21:30:00+00:00,FT,Gremio,1,2,Botafogo
2024,1180439,Regular Season - 9,2024-06-16T21:30:00+00:00,FT,Vasco DA Gama,0,0,Cruzeiro
2024,1180444,Regular Season - 9,2024-06-16T21:30:00+00:00,FT,Criciuma,2,2,Bahia
2024,1180443,Regular Season - 9,2024-06-16T21:30:00+00:00,FT,Cuiaba,5,0,Fortaleza EC
2024,1180436,Regular Season - 9,2024-06-17T23:30:00+00:00,FT,Atletico-MG,0,4,Palmeiras
2024,1180449,Regular Season - 10,2024-06-19T22:00:00+00:00,FT,Botafogo,1,1,Atletico Paranaense
2024,1180453,Regular Season - 10,2024-06-19T22:00:00+00:00,FT,Atletico Goianiense,1,2,Criciuma
2024,1180451,Regular Season - 10,2024-06-19T23:00:00+00:00,FT,Sao Paulo,0,1,Cuiaba
2024,1180454,Regular Season - 10,2024-06-19T23:00:00+00:00,FT,Juventude,2,0,Vasco DA Gama
2024,1180452,Regular Season - 10,2024-06-19T23:00:00+00:00,FT,Fortaleza EC,1,0,Gremio
2024,1180445,Regular Season - 10,2024-06-20T00:30:00+00:00,FT,Internacional,1,0,Corinthians
2024,1180446,Regular Season - 10,2024-06-20T00:30:00+00:00,FT,Cruzeiro,2,0,Fluminense
2024,1180447,Regular Season - 10,2024-06-20T21:30:00+00:00,FT,Vitoria,4,2,Atletico-MG
2024,1180448,Regular Season - 10,2024-06-20T23:00:00+00:00,FT,Flamengo,2,1,Bahia
2024,1180450,Regular Season - 10,2024-06-21T00:30:00+00:00,FT,Palmeiras,2,1,RB Bragantino
2024,1180464,Regular Season - 11,2024-06-22T19:00:00+00:00,FT,Criciuma,2,1,Botafogo
2024,1180455,Regular Season - 11,2024-06-22T20:30:00+00:00,FT,Gremio,0,1,Internacional
2024,1180463,Regular Season - 11,2024-06-22T21:30:00+00:00,FT,Cuiaba,0,0,Atletico Goianiense
2024,1180459,Regular Season - 11,2024-06-23T00:30:00+00:00,FT,Vasco DA Gama,4,1,Sao Paulo
2024,1180457,Regular Season - 11,2024-06-23T19:00:00+00:00,FT,Bahia,4,1,Cruzeiro
2024,1180458,Regular Season - 11,2024-06-23T19:00:00+00:00,FT,Fluminense,0,1,Flamengo
2024,1180462,Regular Season - 11,2024-06-23T19:00:00+00:00,FT,Atletico Paranaense,1,1,Corinthians
2024,1180460,Regular Season - 11,2024-06-23T21:30:00+00:00,FT,Palmeiras,3,1,Juventude
2024,1180461,Regular Season - 11,2024-06-23T21:30:00+00:00,FT,RB Bragantino,2,1,Vitoria
2024,1180456,Regular Season - 11,2024-06-23T21:30:00+00:00,FT,Atletico-MG,1,1,Fortaleza EC
2024,1180469,Regular Season - 12,2024-06-26T22:00:00+00:00,FT,Botafogo,2,1,RB Bragantino
2024,1180466,Regular Season - 12,2024-06-26T22:00:00+00:00,FT,Cruzeiro,2,0,Atletico Paranaense
2024,1180470,Regular Season - 12,2024-06-26T23:00:00+00:00,FT,Corinthians,1,1,Cuiaba
2024,1180473,Regular Season - 12,2024-06-26T23:00:00+00:00,FT,Atletico Goianiense,1,1,Gremio
2024,1180474,Regular Season - 12,2024-06-26T23:00:00+00:00,FT,Juventude,2,1,Flamengo
2024,1180467,Regular Season - 12,2024-06-27T00:30:00+00:00,FT,Bahia,2,1,Vasco DA Gama
2024,1180465,Regular Season - 12,2024-06-27T00:30:00+00:00,FT,Internacional,1,2,Atletico-MG
2024,1180472,Regular Season - 12,2024-06-27T00:30:00+00:00,FT,Fortaleza EC,3,0,Palmeiras
2024,1180468,Regular Season - 12,2024-06-27T22:00:00+00:00,FT,Fluminense,0,1,Vitoria
2024,1180471,Regular Season - 12,2024-06-27T23:00:00+00:00,FT,Sao Paulo,2,1,Criciuma
2024,1180479,Regular Season - 13,2024-06-29T21:30:00+00:00,FT,Vasco DA Gama,1,1,Botafogo
2024,1180483,Regular Season - 13,2024-06-29T21:30:00+00:00,FT,Cuiaba,1,1,RB Bragantino
2024,1180476,Regular Season - 13,2024-06-30T14:00:00+00:00,FT,Atletico-MG,1,1,Atletico Goianiense
2024,1180481,Regular Season - 13,2024-06-30T19:00:00+00:00,FT,Sao Paulo,3,1,Bahia
2024,1180475,Regular Season - 13,2024-06-30T19:00:00+00:00,FT,Gremio,1,0,Fluminense
2024,1180482,Regular Season - 13,2024-06-30T19:00:00+00:00,FT,Fortaleza EC,2,1,Juventude
2024,1180478,Regular Season - 13,2024-06-30T21:30:00+00:00,FT,Flamengo,2,1,Cruzeiro
2024,1180477,Regular Season - 13,2024-06-30T21:30:00+00:00,FT,Vitoria,0,1,Atletico Paranaense
2024,1180484,Regular Season - 13,2024-06-30T21:30:00+00:00,FT,Criciuma,1,1,Internacional
2024,1180480,Regular Season - 13,2024-07-01T23:00:00+00:00,FT,Palmeiras,2,0,Corinthians
2024,1180493,Regular Season - 14,2024-07-03T22:00:00+00:00,FT,Cuiaba,1,2,Botafogo
2024,1180489,Regular Season - 14,2024-07-03T23:00:00+00:00,FT,Vasco DA Gama,2,0,Fortaleza EC
2024,1180494,Regular Season - 14,2024-07-03T23:00:00+00:00,FT,Criciuma,1,0,Cruzeiro
2024,1180492,Regular Season - 14,2024-07-04T00:30:00+00:00,FT,Atletico Paranaense,1,2,Sao Paulo
2024,1180491,Regular Season - 14,2024-07-04T00:30:00+00:00,FT,RB Bragantino,3,1,Atletico Goianiense
2024,1180486,Regular Season - 14,2024-07-04T00:30:00+00:00,FT,Atletico-MG,2,4,Flamengo
2024,1180487,Regular Season - 14,2024-07-04T22:00:00+00:00,FT,Bahia,2,0,Juventude
2024,1180485,Regular Season - 14,2024-07-04T22:00:00+00:00,FT,Gremio,2,2,Palmeiras
2024,1180488,Regular Season - 14,2024-07-04T23:00:00+00:00,FT,Fluminense,1,1,Internacional
2024,1180490,Regular Season - 14,2024-07-04T23:00:00+00:00,FT,Corinthians,3,2,Vitoria
2024,1180501,Regular Season - 15,2024-07-06T23:00:00+00:00,FT,Sao Paulo,2,0,RB Bragantino
2024,1180498,Regular Season - 15,2024-07-06T23:00:00+00:00,FT,Flamengo,1,1,Cuiaba
2024,1180496,Regular Season - 15,2024-07-07T19:00:00+00:00,FT,Cruzeiro,3,0,Corinthians
2024,1180504,Regular Season - 15,2024-07-07T19:00:00+00:00,FT,Juventude,3,0,Gremio
2024,1180502,Regular Season - 15,2024-07-07T19:00:00+00:00,FT,Fortaleza EC,1,0,Fluminense
2024,1180495,Regular Season - 15,2024-07-07T21:00:00+00:00,FT,Internacional,1,2,Vasco DA Gama
2024,1180500,Regular Season - 15,2024-07-07T21:30:00+00:00,FT,Palmeiras,2,0,Bahia
2024,1180497,Regular Season - 15,2024-07-07T21:30:00+00:00,FT,Vitoria,2,1,Criciuma
2024,1180503,Regular Season - 15,2024-07-07T21:30:00+00:00,FT,Atletico Goianiense,1,2,Atletico Paranaense
2024,1180499,Regular Season - 15,2024-07-07T23:30:00+00:00,FT,Botafogo,3,0,Atletico-MG
2024,1180505,Regular Season - 16,2024-07-10T21:30:00+00:00,FT,Gremio,0,2,Cruzeiro
2024,1180509,Regular Season - 16,2024-07-10T22:00:00+00:00,FT,Vasco DA Gama,2,0,Corinthians
2024,1180512,Regular Season - 16,2024-07-10T22:00:00+00:00,FT,Atletico Paranaense,1,3,Bahia
2024,1180510,Regular Season - 16,2024-07-11T22:30:00+00:00,FT,Palmeiras,3,1,Atletico Goianiense
2024,1180508,Regular Season - 16,2024-07-11T23:00:00+00:00,FT,Flamengo,1,2,Fortaleza EC
2024,1180514,Regular Season - 16,2024-07-11T23:00:00+00:00,FT,Criciuma,1,1,Fluminense
2024,1180507,Regular Season - 16,2024-07-12T00:30:00+00:00,FT,Vitoria,0,1,Botafogo
2024,1180506,Regular Season - 16,2024-07-12T00:30:00+00:00,FT,Atletico-MG,2,1,Sao Paulo
2024,1180517,Regular Season - 17,2024-07-13T19:00:00+00:00,FT,Bahia,1,2,Cuiaba
2024,1180516,Regular Season - 17,2024-07-13T19:00:00+00:00,FT,Cruzeiro,2,1,RB Bragantino
2024,1180524,Regular Season - 17,2024-07-16T22:00:00+00:00,FT,Juventude,1,1,Atletico-MG
2024,1180520,Regular Season - 17,2024-07-17T00:00:00+00:00,FT,Corinthians,2,1,Criciuma
2024,1180523,Regular Season - 17,2024-07-17T22:00:00+00:00,FT,Atletico Goianiense,0,1,Vasco DA Gama
2024,1180521,Regular Season - 17,2024-07-17T23:00:00+00:00,FT,Sao Paulo,1,0,Gremio
2024,1180519,Regular Season - 17,2024-07-18T00:30:00+00:00,FT,Botafogo,1,0,Palmeiras
2024,1180522,Regular Season - 17,2024-07-18T00:30:00+00:00,FT,Fortaleza EC,3,1,Vitoria
2024,1180528,Regular Season - 18,2024-07-20T19:00:00+00:00,FT,Flamengo,2,1,Criciuma
2024,1180529,Regular Season - 18,2024-07-20T21:30:00+00:00,FT,Botafogo,1,0,Internacional
2024,1180530,Regular Season - 18,2024-07-21T00:00:00+00:00,FT,Palmeiras,2,0,Cruzeiro
2024,1180525,Regular Season - 18,2024-07-21T14:00:00+00:00,FT,Gremio,2,0,Vitoria
2024,1180527,Regular Season - 18,2024-07-21T19:00:00+00:00,FT,Bahia,0,1,Corinthians
2024,1180526,Regular Season - 18,2024-07-21T19:00:00+00:00,FT,Atletico-MG,2,0,Vasco DA Gama
2024,1180534,Regular Season - 18,2024-07-21T21:30:00+00:00,FT,Juventude,0,0,Sao Paulo
2024,1180532,Regular Season - 18,2024-07-21T21:30:00+00:00,FT,Fortaleza EC,3,1,Atletico Goianiense
2024,1180531,Regular Season - 18,2024-07-21T21:30:00+00:00,FT,RB Bragantino,1,0,Atletico Paranaense
2024,1180533,Regular Season - 18,2024-07-21T23:00:00+00:00,FT,Cuiaba,0,1,Fluminense
2024,1180536,Regular Season - 19,2024-07-24T22:00:00+00:00,FT,Cruzeiro,2,0,Juventude
2024,1180384,Regular Season - 3,2024-07-24T22:00:00+00:00,FT,Criciuma,1,1,Fortaleza EC
2024,1180541,Regular Season - 19,2024-07-24T22:30:00+00:00,FT,Sao Paulo,2,2,Botafogo
2024,1180537,Regular Season - 19,2024-07-24T23:00:00+00:00,FT,Vitoria,1,2,Flamengo
2024,1180538,Regular Season - 19,2024-07-25T00:30:00+00:00,FT,Fluminense,1,0,Palmeiras
2024,1180543,Regular Season - 19,2024-07-25T00:30:00+00:00,FT,Atletico Goianiense,1,1,Bahia
2024,1180540,Regular Season - 19,2024-07-25T23:00:00+00:00,FT,Corinthians,2,2,Gremio
2024,1180550,Regular Season - 20,2024-07-27T22:00:00+00:00,FT,Palmeiras,0,2,Vitoria
2024,1180554,Regular Season - 20,2024-07-27T22:00:00+00:00,FT,Juventude,1,2,Criciuma
2024,1180547,Regular Season - 20,2024-07-27T23:00:00+00:00,FT,Bahia,1,1,Internacional
2024,1180549,Regular Season - 20,2024-07-28T00:30:00+00:00,FT,Botafogo,0,3,Cruzeiro
2024,1180552,Regular Season - 20,2024-07-28T00:30:00+00:00,FT,Fortaleza EC,1,0,Sao Paulo
2024,1180551,Regular Season - 20,2024-07-28T14:00:00+00:00,FT,RB Bragantino,0,1,Fluminense
2024,1180548,Regular Season - 20,2024-07-28T19:00:00+00:00,FT,Flamengo,2,0,Atletico Goianiense
2024,1180545,Regular Season - 20,2024-07-28T22:00:00+00:00,FT,Gremio,1,0,Vasco DA Gama
2024,1180546,Regular Season - 20,2024-07-28T22:00:00+00:00,FT,Atletico-MG,2,1,Corinthians
2024,1180553,Regular Season - 20,2024-07-28T22:00:00+00:00,FT,Cuiaba,1,2,Atletico Paranaense
2024,1180557,Regular Season - 21,2024-08-03T19:00:00+00:00,FT,Vitoria,1,0,Cuiaba
2024,1180559,Regular Season - 21,2024-08-03T22:00:00+00:00,FT,Vasco DA Gama,2,2,RB Bragantino
2024,1180564,Regular Season - 21,2024-08-03T23:00:00+00:00,FT,Criciuma,2,1,Atletico-MG
2024,1180563,Regular Season - 21,2024-08-03T23:00:00+00:00,FT,Atletico Goianiense,1,4,Botafogo
2024,1180561,Regular Season - 21,2024-08-04T00:30:00+00:00,FT,Sao Paulo,1,0,Flamengo
2024,1180558,Regular Season - 21,2024-08-04T19:00:00+00:00,FT,Fluminense,1,0,Bahia
2024,1180560,Regular Season - 21,2024-08-04T19:00:00+00:00,FT,Corinthians,1,1,Juventude
2024,1180562,Regular Season - 21,2024-08-04T19:00:00+00:00,FT,Atletico Paranaense,0,2,Gremio
2024,1180555,Regular Season - 21,2024-08-04T20:00:00+00:00,FT,Internacional,1,1,Palmeiras
2024,1180556,Regular Season - 21,2024-08-06T00:00:00+00:00,FT,Cruzeiro,1,2,Fortaleza EC
2024,1180572,Regular Season - 22,2024-08-10T19:00:00+00:00,FT,Fortaleza EC,1,0,Criciuma
2024,1180573,Regular Season - 22,2024-08-10T22:00:00+00:00,FT,Cuiaba,1,3,Gremio
2024,1180570,Regular Season - 22,2024-08-11T00:30:00+00:00,FT,Corinthians,1,1,RB Bragantino
2024,1180569,Regular Season - 22,2024-08-11T00:30:00+00:00,FT,Vasco DA Gama,2,0,Fluminense
2024,1180566,Regular Season - 22,2024-08-11T00:30:00+00:00,FT,Cruzeiro,0,0,Atletico-MG
2024,1180574,Regular Season - 22,2024-08-11T14:00:00+00:00,FT,Juventude,3,2,Botafogo
2024,1180567,Regular Season - 22,2024-08-11T19:00:00+00:00,FT,Bahia,2,0,Vitoria
2024,1180571,Regular Season - 22,2024-08-11T19:00:00+00:00,FT,Sao Paulo,1,0,Atletico Goianiense
2024,1180568,Regular Season - 22,2024-08-11T19:00:00+00:00,FT,Flamengo,1,1,Palmeiras
2024,1180565,Regular Season - 22,2024-08-11T22:00:00+00:00,FT,Internacional,2,2,Atletico Paranaense
2024,1180405,Regular Season - 6,2024-08-14T22:30:00+00:00,FT,Internacional,2,1,Juventude
2024,1180575,Regular Season - 23,2024-08-17T19:00:00+00:00,FT,Gremio,0,2,Bahia
2024,1180576,Regular Season - 23,2024-08-17T19:00:00+00:00,FT,Atletico-MG,1,1,Cuiaba
2024,1180581,Regular Season - 23,2024-08-17T21:30:00+00:00,FT,RB Bragantino,1,2,Fortaleza EC
2024,1180578,Regular Season - 23,2024-08-18T00:00:00+00:00,FT,Fluminense,0,0,Corinthians
2024,1180580,Regular Season - 23,2024-08-18T19:00:00+00:00,FT,Palmeiras,2,1,Sao Paulo
2024,1180584,Regular Season - 23,2024-08-18T19:00:00+00:00,FT,Criciuma,2,2,Vasco DA Gama
2024,1180583,Regular Season - 23,2024-08-18T19:00:00+00:00,FT,Atletico Goianiense,1,0,Internacional
2024,1180579,Regular Season - 23,2024-08-18T21:30:00+00:00,FT,Botafogo,4,1,Flamengo
2024,1180582,Regular Season - 23,2024-08-18T21:30:00+00:00,FT,Atletico Paranaense,1,2,Juventude
2024,1180577,Regular Season - 23,2024-08-19T23:00:00+00:00,FT,Vitoria,2,2,Cruzeiro
2024,1180593,Regular Season - 24,2024-08-24T19:00:00+00:00,FT,Atletico Goianiense,2,1,Juventude
2024,1180590,Regular Season - 24,2024-08-24T21:30:00+00:00,FT,Palmeiras,5,0,Cuiaba
2024,1180586,Regular Season - 24,2024-08-25T00:00:00+00:00,FT,Atletico-MG,0,2,Fluminense
2024,1180587,Regular Season - 24,2024-08-25T19:00:00+00:00,FT,Bahia,0,0,Botafogo
2024,1180594,Regular Season - 24,2024-08-25T19:00:00+00:00,FT,Criciuma,0,1,Gremio
2024,1180592,Regular Season - 24,2024-08-25T19:00:00+00:00,FT,Fortaleza EC,1,0,Corinthians
2024,1180591,Regular Season - 24,2024-08-25T21:30:00+00:00,FT,Sao Paulo,2,1,Vitoria
2024,1180585,Regular Season - 24,2024-08-25T22:00:00+00:00,FT,Internacional,1,0,Cruzeiro
2024,1180588,Regular Season - 24,2024-08-25T23:00:00+00:00,FT,Flamengo,2,1,RB Bragantino
2024,1180589,Regular Season - 24,2024-08-27T00:00:00+00:00,FT,Vasco DA Gama,2,1,Atletico Paranaense
2024,1180396,Regular Season - 5,2024-08-28T22:30:00+00:00,FT,Cruzeiro,0,0,Internacional
2024,1180544,Regular Season - 19,2024-08-28T22:30:00+00:00,FT,Criciuma,1,0,RB Bragantino
2024,1180603,Regular Season - 25,2024-08-31T21:30:00+00:00,FT,Cuiaba,2,1,Criciuma
2024,1180599,Regular Season - 25,2024-09-01T00:00:00+00:00,FT,Botafogo,2,0,Fortaleza EC
2024,1180595,Regular Season - 25,2024-09-01T14:00:00+00:00,FT,Gremio,2,3,Atletico-MG
2024,1180596,Regular Season - 25,2024-09-01T14:00:00+00:00,FT,Cruzeiro,3,1,Atletico Goianiense
2024,1180600,Regular Season - 25,2024-09-01T19:00:00+00:00,FT,Corinthians,2,1,Flamengo
2024,1180598,Regular Season - 25,2024-09-01T21:30:00+00:00,FT,Fluminense,2,0,Sao Paulo
2024,1180602,Regular Season - 25,2024-09-01T21:30:00+00:00,FT,Atletico Paranaense,0,2,Palmeiras
2024,1180597,Regular Season - 25,2024-09-01T21:30:00+00:00,FT,Vitoria,0,1,Vasco DA Gama
2024,1180604,Regular Season - 25,2024-09-01T21:30:00+00:00,FT,Juventude,1,3,Internacional
2024,1180601,Regular Season - 25,2024-09-01T21:30:00+00:00,FT,RB Bragantino,2,1,Bahia
2024,1180513,Regular Season - 16,2024-09-05T23:00:00+00:00,FT,Cuiaba,0,0,Juventude
2024,1180535,Regular Season - 19,2024-09-11T22:30:00+00:00,FT,Internacional,2,1,Fortaleza EC
2024,1180613,Regular Season - 26,2024-09-14T19:00:00+00:00,FT,Atletico Goianiense,0,2,Vitoria
2024,1180612,Regular Season - 26,2024-09-14T21:30:00+00:00,FT,Atletico Paranaense,1,1,Fortaleza EC
2024,1180609,Regular Season - 26,2024-09-15T00:00:00+00:00,FT,Botafogo,2,1,Corinthians
2024,1180610,Regular Season - 26,2024-09-15T19:00:00+00:00,FT,Palmeiras,5,0,Criciuma
2024,1180614,Regular Season - 26,2024-09-15T19:00:00+00:00,FT,Juventude,2,1,Fluminense
2024,1180611,Regular Season - 26,2024-09-15T19:00:00+00:00,FT,RB Bragantino,2,2,Gremio
2024,1180607,Regular Season - 26,2024-09-15T21:30:00+00:00,FT,Bahia,3,0,Atletico-MG
2024,1180608,Regular Season - 26,2024-09-15T21:30:00+00:00,FT,Flamengo,1,1,Vasco DA Gama
2024,1180606,Regular Season - 26,2024-09-15T21:30:00+00:00,FT,Cruzeiro,0,1,Sao Paulo
2024,1180605,Regular Season - 26,2024-09-16T23:00:00+00:00,FT,Internacional,3,0,Cuiaba
2024,1180620,Regular Season - 27,2024-09-21T19:00:00+00:00,FT,Corinthians,3,0,Atletico Goianiense
2024,1180617,Regular Season - 27,2024-09-21T19:00:00+00:00,FT,Vitoria,1,0,Juventude
2024,1180618,Regular Season - 27,2024-09-21T21:30:00+00:00,FT,Fluminense,0,1,Botafogo
2024,1180622,Regular Season - 27,2024-09-22T00:00:00+00:00,FT,Fortaleza EC,4,1,Bahia
2024,1180619,Regular Season - 27,2024-09-22T19:00:00+00:00,FT,Vasco DA Gama,0,1,Palmeiras
2024,1180616,Regular Season - 27,2024-09-22T19:00:00+00:00,FT,Atletico-MG,3,0,RB Bragantino
2024,1180621,Regular Season - 27,2024-09-22T21:30:00+00:00,FT,Sao Paulo,1,3,Internacional
2024,1180615,Regular Season - 27,2024-09-22T21:30:00+00:00,FT,Gremio,3,2,Flamengo
2024,1180623,Regular Season - 27,2024-09-22T21:30:00+00:00,FT,Cuiaba,0,0,Cruzeiro
2024,1180624,Regular Season - 27,2024-09-23T21:30:00+00:00,FT,Criciuma,0,0,Atletico Paranaense
2024,1180395,Regular Season - 5,2024-09-25T22:00:00+00:00,FT,Gremio,1,2,Criciuma
2024,1180511,Regular Season - 16,2024-09-25T22:00:00+00:00,FT,RB Bragantino,2,2,Internacional
2024,1180630,Regular Season - 28,2024-09-28T21:30:00+00:00,FT,Palmeiras,2,1,Atletico-MG
2024,1180629,Regular Season - 28,2024-09-29T00:00:00+00:00,FT,Botafogo,0,0,Gremio
2024,1180634,Regular Season - 28,2024-09-29T14:00:00+00:00,FT,Juventude,1,1,RB Bragantino
2024,1180631,Regular Season - 28,2024-09-29T19:00:00+00:00,FT,Sao Paulo,3,1,Corinthians
2024,1180633,Regular Season - 28,2024-09-29T19:00:00+00:00,FT,Atletico Goianiense,1,0,Fluminense
2024,1180632,Regular Season - 28,2024-09-29T19:00:00+00:00,FT,Fortaleza EC,1,0,Cuiaba
2024,1180627,Regular Season - 28,2024-09-29T21:30:00+00:00,FT,Bahia,1,0,Criciuma
2024,1180625,Regular Season - 28,2024-09-29T21:30:00+00:00,FT,Internacional,3,1,Vitoria
2024,1180626,Regular Season - 28,2024-09-29T21:30:00+00:00,FT,Cruzeiro,1,1,Vasco DA Gama
2024,1180628,Regular Season - 28,2024-09-29T23:00:00+00:00,FT,Flamengo,1,0,Atletico Paranaense
2024,1180644,Regular Season - 29,2024-10-03T22:00:00+00:00,FT,Criciuma,2,0,Atletico Goianiense
2024,1180638,Regular Season - 29,2024-10-04T00:30:00+00:00,FT,Fluminense,1,0,Cruzeiro
2024,1180635,Regular Season - 29,2024-10-05T00:30:00+00:00,FT,Gremio,3,1,Fortaleza EC
2024,1180642,Regular Season - 29,2024-10-05T19:30:00+00:00,FT,Atletico Paranaense,0,1,Botafogo
2024,1180641,Regular Season - 29,2024-10-05T19:30:00+00:00,FT,RB Bragantino,0,0,Palmeiras
2024,1180636,Regular Season - 29,2024-10-05T19:30:00+00:00,FT,Atletico-MG,2,2,Vitoria
2024,1180637,Regular Season - 29,2024-10-05T22:00:00+00:00,FT,Bahia,0,2,Flamengo
2024,1180640,Regular Season - 29,2024-10-05T22:00:00+00:00,FT,Corinthians,2,2,Internacional
2024,1180643,Regular Season - 29,2024-10-05T22:00:00+00:00,FT,Cuiaba,2,0,Sao Paulo
2024,1180639,Regular Season - 29,2024-10-06T00:00:00+00:00,FT,Vasco DA Gama,1,1,Juventude
2024,1180406,Regular Season - 6,2024-10-09T22:30:00+00:00,FT,Atletico-MG,2,1,Gremio
2024,1180651,Regular Season - 30,2024-10-17T00:45:00+00:00,FT,Sao Paulo,3,0,Vasco DA Gama
2024,1180652,Regular Season - 30,2024-10-17T00:45:00+00:00,FT,Fortaleza EC,1,1,Atletico-MG
2024,1180648,Regular Season - 30,2024-10-17T23:00:00+00:00,FT,Flamengo,0,2,Fluminense
2024,1180650,Regular Season - 30,2024-10-17T23:00:00+00:00,FT,Corinthians,5,2,Atletico Paranaense
2024,1180653,Regular Season - 30,2024-10-18T22:00:00+00:00,FT,Atletico Goianiense,0,0,Cuiaba
2024,1180649,Regular Season - 30,2024-10-18T23:00:00+00:00,FT,Botafogo,1,1,Criciuma
2024,1180646,Regular Season - 30,2024-10-19T00:30:00+00:00,FT,Cruzeiro,1,1,Bahia
2024,1180645,Regular Season - 30,2024-10-19T19:00:00+00:00,FT,Internacional,1,0,Gremio
2024,1180647,Regular Season - 30,2024-10-19T19:00:00+00:00,FT,Vitoria,1,0,RB Bragantino
2024,1180654,Regular Season - 30,2024-10-20T23:00:00+00:00,FT,Juventude,3,5,Palmeiras
2024,1180518,Regular Season - 17,2024-10-22T22:30:00+00:00,FT,Fluminense,1,0,Atletico Paranaense
2024,1180539,Regular Season - 19,2024-10-25T22:00:00+00:00,FT,Vasco DA Gama,1,0,Cuiaba
2024,1180660,Regular Season - 31,2024-10-26T19:30:00+00:00,FT,Palmeiras,2,2,Fortaleza EC
2024,1180658,Regular Season - 31,2024-10-26T19:30:00+00:00,FT,Flamengo,4,2,Juventude
2024,1180655,Regular Season - 31,2024-10-26T19:30:00+00:00,FT,Gremio,3,1,Atletico Goianiense
2024,1180657,Regular Season - 31,2024-10-26T19:30:00+00:00,FT,Vitoria,2,1,Fluminense
2024,1180662,Regular Season - 31,2024-10-26T21:30:00+00:00,FT,Atletico Paranaense,3,0,Cruzeiro
2024,1180661,Regular Season - 31,2024-10-26T23:00:00+00:00,FT,RB Bragantino,0,1,Botafogo
2024,1180656,Regular Season - 31,2024-10-26T23:00:00+00:00,FT,Atletico-MG,1,3,Internacional
2024,1180664,Regular Season - 31,2024-10-27T01:00:00+00:00,FT,Criciuma,1,1,Sao Paulo
2024,1180663,Regular Season - 31,2024-10-28T22:00:00+00:00,FT,Cuiaba,0,1,Corinthians
2024,1180659,Regular Season - 31,2024-10-29T00:00:00+00:00,FT,Vasco DA Gama,3,2,Bahia
2024,1180515,Regular Season - 17,2024-10-30T22:00:00+00:00,FT,Internacional,1,1,Flamengo
2024,1180668,Regular Season - 32,2024-11-02T00:00:00+00:00,FT,Fluminense,2,2,Gremio
2024,1180671,Regular Season - 32,2024-11-02T19:00:00+00:00,FT,RB Bragantino,0,0,Cuiaba
2024,1180672,Regular Season - 32,2024-11-02T21:30:00+00:00,FT,Atletico Paranaense,1,2,Vitoria
2024,1180674,Regular Season - 32,2024-11-02T21:30:00+00:00,FT,Juventude,0,3,Fortaleza EC
2024,1180670,Regular Season - 32,2024-11-04T23:00:00+00:00,FT,Corinthians,2,0,Palmeiras
2024,1180667,Regular Season - 32,2024-11-06T00:30:00+00:00,FT,Bahia,0,3,Sao Paulo
2024,1180665,Regular Season - 32,2024-11-06T00:30:00+00:00,FT,Internacional,2,0,Criciuma
2024,1180669,Regular Season - 32,2024-11-06T00:30:00+00:00,FT,Botafogo,3,0,Vasco DA Gama
2024,1180666,Regular Season - 32,2024-11-07T00:00:00+00:00,FT,Cruzeiro,0,1,Flamengo
2024,1180673,Regular Season - 32,2024-11-07T00:00:00+00:00,FT,Atletico Goianiense,1,0,Atletico-MG
2024,1180675,Regular Season - 33,2024-11-08T22:00:00+00:00,FT,Internacional,2,0,Fluminense
2024,1180680,Regular Season - 33,2024-11-09T00:30:00+00:00,FT,Palmeiras,1,0,Gremio
2024,1180679,Regular Season - 33,2024-11-09T19:30:00+00:00,FT,Botafogo,0,0,Cuiaba
2024,1180677,Regular Season - 33,2024-11-09T19:30:00+00:00,FT,Vitoria,1,2,Corinthians
2024,1180676,Regular Season - 33,2024-11-09T22:00:00+00:00,FT,Cruzeiro,2,1,Criciuma
2024,1180683,Regular Season - 33,2024-11-09T22:00:00+00:00,FT,Atletico Goianiense,0,0,RB Bragantino
2024,1180684,Regular Season - 33,2024-11-09T22:00:00+00:00,FT,Juventude,2,1,Bahia
2024,1180682,Regular Season - 33,2024-11-09T22:00:00+00:00,FT,Fortaleza EC,3,0,Vasco DA Gama
2024,1180681,Regular Season - 33,2024-11-10T00:00:00+00:00,FT,Sao Paulo,2,1,Atletico Paranaense
2024,1180678,Regular Season - 33,2024-11-13T23:00:00+00:00,FT,Flamengo,0,0,Atletico-MG
2024,1180542,Regular Season - 19,2024-11-16T21:30:00+00:00,FT,Atletico Paranaense,1,0,Atletico-MG
2024,1180690,Regular Season - 34,2024-11-20T14:00:00+00:00,FT,Corinthians,2,1,Cruzeiro
2024,1180692,Regular Season - 34,2024-11-20T19:30:00+00:00,FT,Atletico Paranaense,2,0,Atletico Goianiense
2024,1180694,Regular Season - 34,2024-11-20T19:30:00+00:00,FT,Criciuma,0,1,Vitoria
2024,1180691,Regular Season - 34,2024-11-20T19:30:00+00:00,FT,RB Bragantino,1,1,Sao Paulo
2024,1180687,Regular Season - 34,2024-11-20T21:00:00+00:00,FT,Bahia,1,2,Palmeiras
2024,1180685,Regular Season - 34,2024-11-20T22:00:00+00:00,FT,Gremio,2,2,Juventude
2024,1180693,Regular Season - 34,2024-11-20T22:00:00+00:00,FT,Cuiaba,1,2,Flamengo
2024,1180686,Regular Season - 34,2024-11-21T00:30:00+00:00,FT,Atletico-MG,0,0,Botafogo
2024,1180689,Regular Season - 34,2024-11-21T23:00:00+00:00,FT,Vasco DA Gama,0,1,Internacional
2024,1180688,Regular Season - 34,2024-11-23T00:30:00+00:00,FT,Fluminense,2,2,Fortaleza EC
2024,1180699,Regular Season - 35,2024-11-23T22:30:00+00:00,FT,Botafogo,1,1,Vitoria
2024,1180703,Regular Season - 35,2024-11-23T22:30:00+00:00,FT,Atletico Goianiense,0,1,Palmeiras
2024,1180704,Regular Season - 35,2024-11-23T22:30:00+00:00,FT,Juventude,1,1,Cuiaba
2024,1180701,Regular Season - 35,2024-11-24T00:30:00+00:00,FT,Sao Paulo,2,2,Atletico-MG
2024,1180697,Regular Season - 35,2024-11-24T19:00:00+00:00,FT,Bahia,1,1,Atletico Paranaense
2024,1180695,Regular Season - 35,2024-11-24T19:00:00+00:00,FT,Internacional,4,1,RB Bragantino
2024,1180700,Regular Season - 35,2024-11-24T19:00:00+00:00,FT,Corinthians,3,1,Vasco DA Gama
2024,1180698,Regular Season - 35,2024-11-26T22:00:00+00:00,FT,Fluminense,0,0,Criciuma
2024,1180702,Regular Season - 35,2024-11-26T23:00:00+00:00,FT,Fortaleza EC,0,0,Flamengo
2024,1180710,Regular Season - 36,2024-11-27T00:30:00+00:00,FT,Palmeiras,1,3,Botafogo
2024,1180706,Regular Season - 36,2024-11-27T00:30:00+00:00,FT,Atletico-MG,2,3,Juventude
2024,1180696,Regular Season - 35,2024-11-28T00:00:00+00:00,FT,Cruzeiro,1,1,Gremio
2024,1180714,Regular Season - 36,2024-11-30T22:30:00+00:00,FT,Criciuma,2,4,Corinthians
2024,1180713,Regular Season - 36,2024-11-30T22:30:00+00:00,FT,Cuiaba,1,2,Bahia
2024,1180709,Regular Season - 36,2024-12-01T00:30:00+00:00,FT,Vasco DA Gama,2,2,Atletico Goianiense
2024,1180708,Regular Season - 36,2024-12-01T19:00:00+00:00,FT,Flamengo,3,2,Internacional
2024,1180705,Regular Season - 36,2024-12-01T19:00:00+00:00,FT,Gremio,2,1,Sao Paulo
2024,1180712,Regular Season - 36,2024-12-01T21:30:00+00:00,FT,Atletico Paranaense,1,1,Fluminense
2024,1180707,Regular Season - 36,2024-12-01T21:30:00+00:00,FT,Vitoria,2,0,Fortaleza EC
2024,1180711,Regular Season - 36,2024-12-01T21:30:00+00:00,FT,RB Bragantino,1,1,Cruzeiro
2024,1180720,Regular Season - 37,2024-12-03T23:00:00+00:00,FT,Corinthians,3,0,Bahia
2024,1180719,Regular Season - 37,2024-12-04T22:00:00+00:00,FT,Vasco DA Gama,2,0,Atletico-MG
2024,1180721,Regular Season - 37,2024-12-04T23:00:00+00:00,FT,Sao Paulo,1,2,Juventude
2024,1180717,Regular Season - 37,2024-12-04T23:00:00+00:00,FT,Vitoria,1,1,Gremio
2024,1180724,Regular Season - 37,2024-12-04T23:00:00+00:00,FT,Criciuma,0,3,Flamengo
2024,1180715,Regular Season - 37,2024-12-05T00:30:00+00:00,FT,Internacional,0,1,Botafogo
2024,1180716,Regular Season - 37,2024-12-05T00:30:00+00:00,FT,Cruzeiro,1,2,Palmeiras
2024,1180723,Regular Season - 37,2024-12-05T00:30:00+00:00,FT,Atletico Goianiense,3,1,Fortaleza EC
2024,1180718,Regular Season - 37,2024-12-05T23:00:00+00:00,FT,Fluminense,1,0,Cuiaba
2024,1180722,Regular Season - 37,2024-12-05T23:00:00+00:00,FT,Atletico Paranaense,1,2,RB Bragantino
2024,1180727,Regular Season - 38,2024-12-08T19:00:00+00:00,FT,Bahia,2,0,Atletico Goianiense
2024,1180729,Regular Season - 38,2024-12-08T19:00:00+00:00,FT,Botafogo,2,1,Sao Paulo
2024,1180730,Regular Season - 38,2024-12-08T19:00:00+00:00,FT,Palmeiras,0,1,Fluminense
2024,1180728,Regular Season - 38,2024-12-08T19:00:00+00:00,FT,Flamengo,2,2,Vitoria
2024,1180725,Regular Season - 38,2024-12-08T19:00:00+00:00,FT,Gremio,0,3,Corinthians
2024,1180734,Regular Season - 38,2024-12-08T19:00:00+00:00,FT,Juventude,0,1,Cruzeiro
2024,1180732,Regular Season - 38,2024-12-08T19:00:00+00:00,FT,Fortaleza EC,3,0,Internacional
2024,1180731,Regular Season - 38,2024-12-08T19:00:00+00:00,FT,RB Bragantino,5,1,Criciuma
2024,1180726,Regular Season - 38,2024-12-08T19:00:00+00:00,FT,Atletico-MG,1,0,Atletico Paranaense
2024,1180733,Regular Season - 38,2024-12-08T19:00:00+00:00,FT,Cuiaba,1,2,Vasco DA Gama
